Order_ID,Date,Customer_ID,Gender,Age,City,Region,Store,Category,Product,Quantity,Unit_Price,Discount,Sales,Cost,Profit,Payment_Mode,Customer_Rating,Delivery_Days
ORD100001,2024-01-01,CUST1218,Male,58,Mumbai,West,Online,Grocery,Coffee,5,371.68,0.174,1535.04,1295.35,239.69,Cash,4.7,6.0
ORD100002,2024-01-01,CUST1486,Male,24,Guntur,South,Online,Beauty,Perfume,3,1104.23,0.127,2891.98,1863.16,1028.82,UPI,3.4,2.0
ORD100003,2024-01-01,CUST1540,Male,31,Chennai,South,Store A,Home & Kitchen,Cookware Set,2,2447.67,0.006,4865.97,3286.05,1579.92,Debit Card,4.1,6.0
ORD100004,2024-01-02,CUST1130,Male,38,Vijayawada,South,Store A,Beauty,Face Wash,6,1033.56,0.231,4768.85,3075.91,1692.94,Debit Card,4.3,1.0
ORD100005,2024-01-02,CUST1066,Male,44,Chennai,South,Store D,Beauty,Lip Balm,5,782.32,0.213,3078.43,1968.67,1109.75,Cash,4.2,2.0
ORD100006,2024-01-02,CUST1144,Female,29,Vijayawada,South,Store B,Clothing,Shoes,4,883.41,0.131,3070.73,1906.4,1164.33,Debit Card,3.5,2.0
ORD100007,2024-01-03,CUST1380,Female,18,Guntur,South,Store B,Home & Kitchen,Mixer,2,4517.96,0.057,8520.87,5699.12,2821.75,Cash,2.7,5.0
ORD100008,2024-01-03,CUST1313,Male,50,Guntur,South,Store A,Home & Kitchen,Mixer,7,2203.95,0.03,14964.82,10357.43,4607.39,UPI,4.2,5.0
ORD100009,2024-01-03,CUST1407,Male,43,Visakhapatnam,South,Store D,Home & Kitchen,Cookware Set,4,3321.32,0.091,12076.32,8041.01,4035.31,UPI,3.9,5.0
ORD100010,2024-01-04,CUST1407,Male,18,Bengaluru,South,Online,Beauty,Perfume,6,1463.51,0.064,8219.07,5155.22,3063.85,Cash,3.7,5.0
ORD100011,2024-01-04,CUST1277,Female,28,Vijayawada,South,Online,Grocery,Juice,3,407.76,0.127,1067.92,924.49,143.44,Credit Card,4.4,4.0
ORD100012,2024-01-05,CUST1409,Female,52,Mumbai,West,Store D,Home & Kitchen,Cookware Set,7,2674.83,0.242,14192.65,9929.44,4263.2,Credit Card,4.0,3.0
ORD100013,2024-01-05,CUST1314,Female,51,Visakhapatnam,South,Store C,Beauty,Perfume,4,1279.18,0.144,4379.91,2785.35,1594.56,UPI,3.3,5.0
ORD100014,2024-01-05,CUST1549,Male,45,Vijayawada,South,Store A,Clothing,Jeans,2,2358.97,0.222,3670.56,2304.46,1366.1,Net Banking,2.9,1.0
ORD100015,2024-01-06,CUST1249,Male,33,Visakhapatnam,South,Store D,Grocery,Juice,7,324.6,0.163,1901.83,1667.17,234.66,Credit Card,3.4,2.0
ORD100016,2024-01-06,CUST1461,Male,36,Guntur,South,Store C,Clothing,T-Shirt,7,1724.93,0.119,10637.64,6692.06,3945.59,Cash,5.0,6.0
ORD100017,2024-01-06,CUST1399,Male,34,Chennai,South,Store D,Grocery,Rice,5,240.13,0.214,943.71,807.05,136.67,UPI,4.4,5.0
ORD100018,2024-01-07,CUST1451,Female,47,Pune,West,Store C,Beauty,Perfume,1,1062.38,0.118,937.02,587.92,349.1,Debit Card,4.1,1.0
ORD100019,2024-01-07,CUST1471,Male,25,Visakhapatnam,South,Store B,Electronics,Smartwatch,4,25239.43,0.217,79049.89,57690.67,21359.22,Debit Card,3.9,4.0
ORD100020,2024-01-07,CUST1559,Male,26,Vijayawada,South,Store A,Grocery,Snacks,1,371.81,0.073,344.67,295.01,49.66,Credit Card,3.9,1.0
ORD100021,2024-01-08,CUST1434,Male,46,Vijayawada,South,Store B,Clothing,Dress,6,1571.5,0.032,9127.27,5778.91,3348.36,Net Banking,4.6,6.0
ORD100022,2024-01-08,CUST1446,Female,35,Pune,West,Store A,Beauty,Shampoo,4,707.12,0.214,2223.19,1394.05,829.14,Credit Card,3.7,6.0
ORD100023,2024-01-09,CUST1103,Female,50,Bengaluru,South,Store A,Grocery,Cooking Oil,4,511.56,0.147,1745.44,1520.0,225.44,Net Banking,4.3,1.0
ORD100024,2024-01-09,CUST1328,Male,28,Mumbai,West,Online,Electronics,Tablet,5,32389.86,0.222,125996.56,94119.67,31876.89,Credit Card,3.8,4.0
ORD100025,2024-01-09,CUST1246,Female,34,Guntur,South,Store C,Electronics,Smartwatch,3,17319.99,0.234,39801.34,30306.77,9494.57,Debit Card,5.0,6.0
ORD100026,2024-01-10,CUST1058,Female,25,Vijayawada,South,Store C,Home & Kitchen,Lamp,2,2877.33,0.013,5679.85,3911.5,1768.35,Net Banking,4.4,4.0
ORD100027,2024-01-10,CUST1105,Female,35,Hyderabad,South,Online,Home & Kitchen,Mixer,2,4002.55,0.125,7004.46,4706.49,2297.97,Debit Card,4.7,2.0
ORD100028,2024-01-10,CUST1069,Female,19,Chennai,South,Online,Clothing,Dress,2,2406.05,0.094,4359.76,2711.35,1648.41,Cash,3.7,5.0
ORD100029,2024-01-11,CUST1302,Female,30,Visakhapatnam,South,Store D,Grocery,Snacks,6,276.02,0.156,1397.77,1193.1,204.67,Cash,4.6,6.0
ORD100030,2024-01-11,CUST1153,Male,19,Bengaluru,South,Online,Grocery,Rice,7,474.68,0.198,2664.85,2320.86,343.99,UPI,3.8,1.0
ORD100031,2024-01-11,CUST1537,Male,43,Mumbai,West,Store B,Home & Kitchen,Mixer,3,3783.13,0.07,10554.93,7207.76,3347.18,Debit Card,4.1,3.0
ORD100032,2024-01-12,CUST1035,Male,43,Pune,West,Store B,Grocery,Snacks,1,484.69,0.139,417.32,359.26,58.06,Debit Card,4.9,3.0
ORD100033,2024-01-12,CUST1015,Female,18,Chennai,South,Store C,Grocery,Rice,2,128.48,0.177,211.48,186.97,24.51,UPI,3.4,7.0
ORD100034,2024-01-13,CUST1106,Female,50,Guntur,South,Store D,Electronics,Smartwatch,1,28507.63,0.034,27538.37,21178.67,6359.7,Cash,4.1,2.0
ORD100035,2024-01-13,CUST1074,Female,62,Bengaluru,South,Store D,Home & Kitchen,Lamp,3,5019.34,0.204,11986.18,8049.32,3936.86,Cash,4.2,3.0
ORD100036,2024-01-13,CUST1285,Female,36,Mumbai,West,Store B,Beauty,Face Wash,6,1240.83,0.152,6313.34,4034.29,2279.05,Net Banking,4.3,2.0
ORD100037,2024-01-14,CUST1550,Male,28,Visakhapatnam,South,Store A,Home & Kitchen,Chair,3,2468.89,0.237,5651.29,3837.63,1813.66,Net Banking,3.8,5.0
ORD100038,2024-01-14,CUST1197,Male,66,Visakhapatnam,South,Store D,Beauty,Shampoo,5,1020.41,0.085,4668.38,2992.08,1676.3,Cash,5.0,7.0
ORD100039,2024-01-14,CUST1280,Male,20,Pune,West,Store A,Electronics,Smartwatch,7,37389.39,0.027,254659.14,202335.67,52323.47,Credit Card,3.3,2.0
ORD100040,2024-01-15,CUST1556,Male,35,Hyderabad,South,Store D,Clothing,Shoes,2,2254.98,0.127,3937.2,2457.36,1479.84,Debit Card,4.8,4.0
ORD100041,2024-01-15,CUST1153,Male,37,Pune,West,Store D,Grocery,Coffee,6,596.0,0.021,3500.9,2900.44,600.46,Net Banking,4.7,4.0
ORD100042,2024-01-15,CUST1291,Male,50,Guntur,South,Store D,Electronics,Headphones,5,27494.89,0.242,104205.63,78422.5,25783.13,Credit Card,5.0,7.0
ORD100043,2024-01-16,CUST1142,Female,39,Bengaluru,South,Online,Grocery,Juice,2,400.83,0.01,793.64,658.79,134.85,Net Banking,3.1,4.0
ORD100044,2024-01-16,CUST1312,Female,30,Bengaluru,South,Online,Clothing,Jeans,3,1699.71,0.188,4140.49,2551.87,1588.63,UPI,3.5,6.0
ORD100045,2024-01-17,CUST1032,Male,25,Vijayawada,South,Store C,Clothing,Jacket,3,1761.04,0.131,4591.03,2744.62,1846.41,Debit Card,4.8,4.0
ORD100046,2024-01-17,CUST1026,Female,31,Hyderabad,South,Online,Electronics,Smartwatch,4,28847.02,0.092,104772.38,78377.77,26394.61,Net Banking,3.0,4.0
ORD100047,2024-01-17,CUST1255,Male,24,Hyderabad,South,Store D,Clothing,Shoes,4,2554.46,0.016,10054.35,6063.06,3991.29,Cash,3.1,4.0
ORD100048,2024-01-18,CUST1056,Male,36,Bengaluru,South,Store B,Beauty,Shampoo,3,1591.42,0.156,4029.48,2596.7,1432.78,UPI,3.7,4.0
ORD100049,2024-01-18,CUST1293,Female,29,Bengaluru,South,Store A,Clothing,Jacket,3,1090.31,0.146,2793.37,1731.91,1061.47,UPI,4.1,6.0
ORD100050,2024-01-18,CUST1230,Male,19,Chennai,South,Store B,Grocery,Cooking Oil,1,533.6,0.07,496.25,429.1,67.15,Cash,4.9,4.0
ORD100051,2024-01-19,CUST1053,Male,49,Mumbai,West,Store C,Grocery,Coffee,7,610.51,0.228,3299.2,2831.97,467.23,UPI,3.9,4.0
ORD100052,2024-01-19,CUST1101,Male,30,Chennai,South,Store D,Grocery,Cooking Oil,1,592.83,0.076,547.77,459.26,88.51,Debit Card,3.7,5.0
ORD100053,2024-01-19,CUST1467,Female,21,Chennai,South,Online,Grocery,Rice,7,405.61,0.112,2521.27,2188.34,332.94,Net Banking,4.2,6.0
ORD100054,2024-01-20,CUST1267,Female,33,Hyderabad,South,Store B,Beauty,Perfume,5,2219.94,0.136,9590.14,6350.05,3240.09,UPI,4.3,4.0
ORD100055,2024-01-20,CUST1002,Female,36,Vijayawada,South,Store A,Home & Kitchen,Cookware Set,4,2222.92,0.025,8669.39,5938.61,2730.78,Debit Card,4.2,2.0
ORD100056,2024-01-21,CUST1022,Female,18,Visakhapatnam,South,Online,Electronics,Smartwatch,4,17417.68,0.233,53437.44,40301.09,13136.35,Cash,3.9,7.0
ORD100057,2024-01-21,CUST1578,Male,39,Chennai,South,Store A,Grocery,Coffee,3,535.04,0.094,1454.24,1218.5,235.74,Net Banking,2.9,5.0
ORD100058,2024-01-21,CUST1212,Female,23,Vijayawada,South,Store C,Clothing,Jeans,3,2858.4,0.02,8403.7,5125.13,3278.57,Cash,3.5,6.0
ORD100059,2024-01-22,CUST1236,Female,54,Pune,West,Store D,Grocery,Coffee,5,374.57,0.097,1691.18,1466.28,224.91,Net Banking,4.8,3.0
ORD100060,2024-01-22,CUST1529,Female,41,Guntur,South,Store D,Clothing,Shoes,6,1667.09,0.15,8502.16,5373.16,3129.0,UPI,4.1,1.0
ORD100061,2024-01-22,CUST1388,Male,31,Chennai,South,Store A,Clothing,Shoes,6,2338.65,0.128,12235.82,7621.83,4613.99,UPI,3.8,6.0
ORD100062,2024-01-23,CUST1014,Female,27,Pune,West,Store A,Grocery,Juice,6,497.32,0.174,2464.72,2150.18,314.54,Net Banking,4.6,7.0
ORD100063,2024-01-23,CUST1519,Female,34,Visakhapatnam,South,Store A,Beauty,Face Wash,4,1082.89,0.014,4270.92,2768.21,1502.71,Debit Card,3.4,5.0
ORD100064,2024-01-24,CUST1222,Male,42,Guntur,South,Store D,Clothing,Jeans,1,2082.82,0.071,1934.94,1210.6,724.34,Debit Card,3.9,4.0
ORD100065,2024-01-24,CUST1403,Male,35,Guntur,South,Store D,Clothing,T-Shirt,6,1936.26,0.205,9235.96,5658.42,3577.54,Debit Card,4.1,5.0
ORD100066,2024-01-24,CUST1513,Male,33,Visakhapatnam,South,Store B,Grocery,Coffee,2,654.57,0.02,1282.96,1106.8,176.16,Credit Card,,1.0
ORD100067,2024-01-25,CUST1287,Male,36,Chennai,South,Store D,Clothing,T-Shirt,5,2445.73,0.214,9611.72,5868.26,3743.46,Debit Card,4.1,1.0
ORD100068,2024-01-25,CUST1384,Female,28,Hyderabad,South,Online,Clothing,Dress,6,1953.5,0.023,11451.42,7102.11,4349.31,UPI,3.9,6.0
ORD100069,2024-01-25,CUST1247,Male,31,Visakhapatnam,South,Store A,Grocery,Coffee,2,543.76,0.209,860.23,744.2,116.03,Credit Card,3.2,4.0
ORD100070,2024-01-26,CUST1091,Female,18,Visakhapatnam,South,Store C,Grocery,Snacks,6,532.12,0.09,2905.38,2574.13,331.25,Debit Card,4.1,4.0
ORD100071,2024-01-26,CUST1312,Female,46,Visakhapatnam,South,Store D,Electronics,Tablet,1,28423.91,0.153,24075.05,17865.68,6209.37,UPI,3.3,2.0
ORD100072,2024-01-26,CUST1437,Female,38,Guntur,South,Store B,Beauty,Moisturizer,1,1219.31,0.038,1172.98,757.21,415.76,Credit Card,4.1,1.0
ORD100073,2024-01-27,CUST1043,Female,26,Mumbai,West,Store B,Beauty,Perfume,6,1199.79,0.017,7076.36,4649.62,2426.74,UPI,4.8,4.0
ORD100074,2024-01-27,CUST1074,Female,56,Vijayawada,South,Store D,Clothing,Shoes,2,2398.31,0.054,4537.6,2851.74,1685.86,Net Banking,3.8,1.0
ORD100075,2024-01-28,CUST1561,Male,36,Pune,West,Online,Beauty,Moisturizer,5,1730.64,0.032,8376.3,5441.21,2935.09,UPI,,2.0
ORD100076,2024-01-28,CUST1316,Female,24,Hyderabad,South,Online,Clothing,Dress,2,1046.22,0.078,1929.23,1208.78,720.45,Credit Card,3.9,3.0
ORD100077,2024-01-28,CUST1144,Female,44,Chennai,South,Store D,Electronics,Laptop,5,25070.15,0.129,109180.5,84916.36,24264.14,Debit Card,3.5,1.0
ORD100078,2024-01-29,CUST1329,Female,39,Chennai,South,Online,Grocery,Rice,6,396.7,0.147,2030.31,1711.89,318.42,Credit Card,4.3,2.0
ORD100079,2024-01-29,CUST1209,Male,39,Pune,West,Store C,Grocery,Juice,5,453.35,0.197,1820.2,1526.32,293.88,Debit Card,3.9,2.0
ORD100080,2024-01-29,CUST1099,Female,30,Vijayawada,South,Store D,Grocery,Coffee,3,560.38,0.164,1405.43,1208.53,196.9,Debit Card,4.9,7.0
ORD100081,2024-01-30,CUST1114,Female,40,Visakhapatnam,South,Store C,Beauty,Shampoo,4,1434.3,0.152,4865.15,2992.57,1872.58,Cash,4.6,2.0
ORD100082,2024-01-30,CUST1175,Male,32,Mumbai,West,Store B,Electronics,Laptop,7,24215.11,0.103,152046.68,118115.21,33931.46,Net Banking,3.9,5.0
ORD100083,2024-01-30,CUST1271,Female,41,Hyderabad,South,Store D,Beauty,Lip Balm,4,530.33,0.118,1871.0,1223.75,647.25,Cash,4.4,6.0
ORD100084,2024-01-31,CUST1063,Female,18,Chennai,South,Store D,Beauty,Moisturizer,1,862.23,0.104,772.56,490.58,281.98,Credit Card,3.8,4.0
ORD100085,2024-01-31,CUST1404,Male,30,Pune,West,Store B,Electronics,Smartwatch,3,31275.5,0.211,74029.11,55886.64,18142.47,Cash,4.0,1.0
ORD100086,2024-02-01,CUST1225,Female,54,Bengaluru,South,Online,Electronics,Smartphone,4,5817.02,0.058,21918.53,16636.39,5282.14,Debit Card,3.8,6.0
ORD100087,2024-02-01,CUST1161,Female,27,Mumbai,West,Store A,Electronics,Tablet,6,33311.99,0.001,199672.07,151892.87,47779.2,Credit Card,4.4,5.0
ORD100088,2024-02-01,CUST1036,Female,28,Pune,West,Store B,Electronics,Smartwatch,5,28648.61,0.163,119894.43,91328.35,28566.08,Cash,4.8,1.0
ORD100089,2024-02-02,CUST1381,Female,30,Mumbai,West,Store A,Grocery,Rice,5,697.43,0.051,3309.31,2874.6,434.71,UPI,4.4,6.0
ORD100090,2024-02-02,CUST1318,Female,22,Chennai,South,Online,Home & Kitchen,Cookware Set,2,3301.43,0.223,5130.42,3477.85,1652.58,Net Banking,,5.0
ORD100091,2024-02-02,CUST1456,Male,18,Visakhapatnam,South,Store D,Home & Kitchen,Lamp,2,1438.59,0.215,2258.59,1561.91,696.67,UPI,4.5,4.0
ORD100092,2024-02-03,CUST1269,Male,32,Bengaluru,South,Store B,Electronics,Smartphone,5,28012.54,0.019,137401.51,105263.37,32138.14,Credit Card,4.3,2.0
ORD100093,2024-02-03,CUST1344,Male,36,Vijayawada,South,Store D,Home & Kitchen,Mixer,6,4774.65,0.027,27874.41,18747.51,9126.9,Cash,3.4,6.0
ORD100094,2024-02-03,CUST1040,Female,34,Hyderabad,South,Store C,Home & Kitchen,Lamp,5,4424.72,0.124,19380.27,13495.29,5884.98,Debit Card,4.9,6.0
ORD100095,2024-02-04,CUST1414,Female,33,Vijayawada,South,Online,Electronics,Smartphone,2,20361.16,0.152,34532.53,25603.07,8929.45,Cash,5.0,1.0
ORD100096,2024-02-04,CUST1380,Female,35,Vijayawada,South,Store C,Home & Kitchen,Bedsheet,4,3586.76,0.069,13357.09,9067.76,4289.34,Credit Card,3.9,2.0
ORD100097,2024-02-05,CUST1222,Male,46,Pune,West,Store C,Beauty,Face Wash,1,1013.51,0.179,832.09,541.81,290.28,Credit Card,3.8,7.0
ORD100098,2024-02-05,CUST1281,Female,33,Mumbai,West,Online,Clothing,T-Shirt,2,1390.37,0.149,2366.41,1448.08,918.33,Credit Card,4.3,4.0
ORD100099,2024-02-05,CUST1225,Female,29,Hyderabad,South,Store B,Clothing,T-Shirt,6,2277.69,0.081,12559.18,7830.08,4729.1,Credit Card,4.3,1.0
ORD100100,2024-02-06,CUST1457,Female,32,Hyderabad,South,Store A,Electronics,Headphones,4,16617.27,0.006,66070.27,50704.49,15365.77,Cash,3.9,3.0
ORD100101,2024-02-06,CUST1154,Male,41,Chennai,South,Store D,Grocery,Snacks,4,365.93,0.188,1188.54,1006.31,182.23,UPI,3.3,3.0
ORD100102,2024-02-06,CUST1280,Male,51,Chennai,South,Online,Electronics,Smartwatch,4,17271.82,0.054,65356.57,49606.19,15750.38,Debit Card,4.2,3.0
ORD100103,2024-02-07,CUST1353,Female,28,Hyderabad,South,Store C,Grocery,Cooking Oil,3,276.46,0.209,656.04,562.6,93.43,Debit Card,4.3,4.0
ORD100104,2024-02-07,CUST1039,Female,36,Bengaluru,South,Store A,Clothing,Dress,3,1873.21,0.105,5029.57,3087.36,1942.21,Net Banking,4.4,3.0
ORD100105,2024-02-07,CUST1573,Female,39,Guntur,South,Store B,Electronics,Smartphone,7,33130.52,0.144,198518.08,157124.46,41393.62,Credit Card,4.2,6.0
ORD100106,2024-02-08,CUST1489,Male,24,Chennai,South,Store C,Beauty,Perfume,4,1135.29,0.218,3551.19,2241.54,1309.65,Credit Card,3.9,7.0
ORD100107,2024-02-08,CUST1198,Male,35,Guntur,South,Store A,Home & Kitchen,Bedsheet,6,1994.25,0.216,9380.95,6494.44,2886.52,Credit Card,4.5,1.0
ORD100108,2024-02-09,CUST1276,Male,19,Pune,West,Store D,Grocery,Coffee,5,625.99,0.093,2838.86,2424.16,414.7,UPI,4.0,7.0
ORD100109,2024-02-09,CUST1172,Female,18,Bengaluru,South,Online,Home & Kitchen,Lamp,6,5185.7,0.052,29496.26,19665.15,9831.12,Credit Card,3.7,7.0
ORD100110,2024-02-09,CUST1508,Male,39,Hyderabad,South,Store C,Home & Kitchen,Chair,3,2853.76,0.194,6900.39,4700.95,2199.44,Net Banking,3.9,7.0
ORD100111,2024-02-10,CUST1405,Female,31,Bengaluru,South,Store B,Electronics,Smartphone,2,21650.12,0.108,38623.81,29697.06,8926.75,Net Banking,3.0,6.0
ORD100112,2024-02-10,CUST1271,Female,37,Chennai,South,Store C,Home & Kitchen,Chair,7,4015.66,0.048,26760.36,18498.55,8261.8,UPI,3.9,3.0
ORD100113,2024-02-10,CUST1554,Male,35,Vijayawada,South,Store A,Beauty,Face Wash,3,1767.66,0.226,4104.51,2700.75,1403.75,Credit Card,4.4,7.0
ORD100114,2024-02-11,CUST1131,Female,24,Pune,West,Online,Home & Kitchen,Cookware Set,5,2980.17,0.05,14155.81,10136.26,4019.54,Cash,4.2,7.0
ORD100115,2024-02-11,CUST1385,Male,35,Hyderabad,South,Store C,Electronics,Smartphone,1,15672.85,0.006,15578.81,11893.29,3685.53,Cash,4.8,1.0
ORD100116,2024-02-11,CUST1397,Female,21,Visakhapatnam,South,Store C,Beauty,Lip Balm,7,1421.0,0.005,9897.26,6258.65,3638.62,Debit Card,3.9,6.0
ORD100117,2024-02-12,CUST1566,Female,50,Pune,West,Store D,Clothing,Jacket,3,2199.53,0.156,5569.21,3481.06,2088.15,UPI,4.3,4.0
ORD100118,2024-02-12,CUST1296,Male,20,Mumbai,West,Store C,Home & Kitchen,Cookware Set,6,3506.13,0.165,17565.71,11887.45,5678.26,Cash,4.4,2.0
ORD100119,2024-02-13,CUST1383,Female,33,Guntur,South,Store D,Electronics,Headphones,7,21093.07,0.078,136134.67,105186.8,30947.87,Debit Card,5.0,6.0
ORD100120,2024-02-13,CUST1512,Female,24,Bengaluru,South,Store A,Clothing,Dress,6,2297.19,0.08,12680.49,7678.34,5002.15,Net Banking,4.1,5.0
ORD100121,2024-02-13,CUST1395,Female,41,Hyderabad,South,Online,Clothing,T-Shirt,4,2064.02,0.085,7554.31,4883.34,2670.97,Debit Card,3.4,3.0
ORD100122,2024-02-14,CUST1554,Female,31,Pune,West,Online,Grocery,Juice,4,384.73,0.17,1277.3,1115.41,161.9,Credit Card,4.5,5.0
ORD100123,2024-02-14,CUST1260,Female,29,Bengaluru,South,Store D,Beauty,Perfume,4,1217.18,0.015,4795.69,2976.21,1819.48,Credit Card,5.0,2.0
ORD100124,2024-02-14,CUST1281,Female,44,Hyderabad,South,Online,Home & Kitchen,Cookware Set,7,2148.29,0.232,11549.21,7753.23,3795.98,Net Banking,3.8,4.0
ORD100125,2024-02-15,CUST1356,Female,35,Chennai,South,Store A,Electronics,Headphones,1,29801.23,0.056,28132.36,21694.66,6437.7,UPI,4.5,6.0
ORD100126,2024-02-15,CUST1420,Female,41,Pune,West,Store C,Grocery,Cooking Oil,5,460.66,0.25,1727.48,1517.09,210.39,Credit Card,4.7,4.0
ORD100127,2024-02-16,CUST1192,Male,24,Chennai,South,Store D,Beauty,Perfume,7,1047.5,0.043,7017.2,4388.16,2629.04,Credit Card,4.6,2.0
ORD100128,2024-02-16,CUST1428,Male,20,Pune,West,Store D,Grocery,Cooking Oil,2,495.07,0.193,799.04,696.0,103.05,Debit Card,4.1,5.0
ORD100129,2024-02-16,CUST1348,Female,36,Chennai,South,Store C,Beauty,Moisturizer,6,1214.11,0.056,6876.72,4246.83,2629.89,Debit Card,3.6,6.0
ORD100130,2024-02-17,CUST1429,Female,31,Mumbai,West,Store B,Beauty,Shampoo,6,1513.23,0.02,8897.79,5685.43,3212.36,Debit Card,4.0,3.0
ORD100131,2024-02-17,CUST1392,Male,42,Bengaluru,South,Store A,Home & Kitchen,Cookware Set,7,4091.09,0.219,22365.99,15513.31,6852.68,Cash,4.3,1.0
ORD100132,2024-02-17,CUST1341,Female,34,Visakhapatnam,South,Store C,Beauty,Face Wash,7,1145.26,0.215,6293.2,3987.67,2305.54,Net Banking,4.5,7.0
ORD100133,2024-02-18,CUST1547,Male,37,Pune,West,Store A,Grocery,Cooking Oil,5,614.55,0.101,2762.4,2311.23,451.18,UPI,4.2,4.0
ORD100134,2024-02-18,CUST1402,Male,18,Mumbai,West,Online,Beauty,Face Wash,1,1340.26,0.176,1104.37,708.66,395.71,Debit Card,3.8,2.0
ORD100135,2024-02-18,CUST1047,Male,56,Pune,West,Store B,Home & Kitchen,Lamp,7,3073.4,0.139,18523.38,12458.79,6064.59,UPI,4.3,6.0
ORD100136,2024-02-19,CUST1425,Female,33,Chennai,South,Store A,Home & Kitchen,Mixer,4,3375.28,0.213,10625.38,7307.14,3318.25,Debit Card,4.5,5.0
ORD100137,2024-02-19,CUST1517,Female,43,Hyderabad,South,Store D,Grocery,Coffee,5,477.77,0.079,2200.13,1861.96,338.17,Credit Card,4.2,3.0
ORD100138,2024-02-20,CUST1328,Female,26,Pune,West,Store D,Clothing,T-Shirt,2,2052.63,0.131,3567.47,2181.07,1386.4,UPI,3.5,5.0
ORD100139,2024-02-20,CUST1087,Male,38,Mumbai,West,Online,Clothing,Shoes,4,1616.49,0.121,5683.58,3395.63,2287.95,Cash,3.9,3.0
ORD100140,2024-02-20,CUST1515,Male,21,Chennai,South,Store D,Beauty,Moisturizer,2,1063.36,0.088,1939.57,1245.12,694.45,Debit Card,4.5,6.0
ORD100141,2024-02-21,CUST1165,Male,40,Vijayawada,South,Store B,Electronics,Headphones,3,38781.3,0.223,90399.21,68504.41,21894.8,Net Banking,3.2,1.0
ORD100142,2024-02-21,CUST1223,Female,31,Chennai,South,Online,Beauty,Perfume,2,1528.91,0.041,2932.45,1836.62,1095.83,Credit Card,2.8,1.0
ORD100143,2024-02-21,CUST1297,Male,35,Bengaluru,South,Store D,Grocery,Rice,4,385.91,0.037,1486.53,1282.87,203.65,Debit Card,4.8,7.0
ORD100144,2024-02-22,CUST1451,Male,43,Visakhapatnam,South,Store A,Grocery,Rice,3,585.64,0.144,1503.92,1317.29,186.64,UPI,4.3,2.0
ORD100145,2024-02-22,CUST1343,Female,21,Vijayawada,South,Store D,Grocery,Juice,4,517.75,0.164,1731.36,1483.19,248.17,Debit Card,4.3,2.0
ORD100146,2024-02-22,CUST1341,Male,27,Bengaluru,South,Online,Grocery,Juice,6,558.73,0.049,3188.11,2755.01,433.1,Credit Card,3.4,3.0
ORD100147,2024-02-23,CUST1461,Male,40,Bengaluru,South,Store C,Grocery,Cooking Oil,4,520.6,0.098,1878.32,1623.31,255.02,Net Banking,4.4,3.0
ORD100148,2024-02-23,CUST1392,Female,58,Bengaluru,South,Store B,Home & Kitchen,Lamp,3,4689.64,0.237,10734.59,7141.28,3593.31,Net Banking,4.2,3.0
ORD100149,2024-02-24,CUST1537,Female,33,Hyderabad,South,Store A,Clothing,Jeans,2,1972.81,0.062,3700.99,2379.56,1321.43,Net Banking,3.1,3.0
ORD100150,2024-02-24,CUST1551,Male,42,Bengaluru,South,Store A,Grocery,Coffee,6,490.69,0.167,2452.47,2091.25,361.22,Credit Card,4.8,7.0
ORD100151,2024-02-24,CUST1421,Female,34,Hyderabad,South,Store C,Electronics,Laptop,1,32295.33,0.185,26320.69,20239.97,6080.72,Debit Card,4.1,6.0
ORD100152,2024-02-25,CUST1381,Male,56,Bengaluru,South,Store D,Electronics,Smartwatch,1,26633.0,0.112,23650.1,18222.95,5427.16,Credit Card,3.8,6.0
ORD100153,2024-02-25,CUST1005,Female,18,Guntur,South,Store A,Electronics,Tablet,1,25850.35,0.234,19801.37,15011.23,4790.14,Credit Card,3.8,1.0
ORD100154,2024-02-25,CUST1004,Male,36,Mumbai,West,Online,Electronics,Smartwatch,1,27198.16,0.184,22193.7,17051.44,5142.26,Debit Card,2.9,2.0
ORD100155,2024-02-26,CUST1316,Female,18,Vijayawada,South,Online,Home & Kitchen,Chair,5,3406.39,0.114,15090.31,10306.81,4783.49,Cash,4.3,7.0
ORD100156,2024-02-26,CUST1078,Male,18,Guntur,South,Store D,Electronics,Smartwatch,1,25064.59,0.142,21505.42,15927.06,5578.36,Net Banking,4.1,2.0
ORD100157,2024-02-26,CUST1531,Female,38,Bengaluru,South,Online,Grocery,Juice,3,412.0,0.173,1022.17,873.81,148.36,UPI,3.9,4.0
ORD100158,2024-02-27,CUST1355,Female,37,Vijayawada,South,Store A,Beauty,Moisturizer,7,937.09,0.148,5588.8,3537.4,2051.41,UPI,4.7,2.0
ORD100159,2024-02-27,CUST1033,Female,32,Vijayawada,South,Store C,Electronics,Smartphone,1,18010.01,0.22,14047.81,10587.6,3460.21,Debit Card,3.2,2.0
ORD100160,2024-02-28,CUST1139,Female,34,Pune,West,Store D,Home & Kitchen,Lamp,4,2108.02,0.089,7681.62,5100.9,2580.73,UPI,3.7,5.0
ORD100161,2024-02-28,CUST1272,Female,69,Visakhapatnam,South,Online,Home & Kitchen,Chair,7,2620.28,0.075,16966.31,11771.02,5195.3,Cash,3.5,5.0
ORD100162,2024-02-28,CUST1196,Female,32,Guntur,South,Online,Electronics,Tablet,1,23780.13,0.053,22519.78,17608.56,4911.22,Credit Card,,7.0
ORD100163,2024-02-29,CUST1127,Female,41,Visakhapatnam,South,Store B,Beauty,Perfume,7,1236.09,0.009,8574.76,5584.45,2990.3,Net Banking,4.0,4.0
ORD100164,2024-02-29,CUST1349,Male,28,Vijayawada,South,Online,Electronics,Smartphone,2,23100.92,0.011,45693.62,35521.34,10172.28,UPI,4.2,3.0
ORD100165,2024-02-29,CUST1044,Male,38,Hyderabad,South,Store A,Home & Kitchen,Chair,3,1144.3,0.218,2684.53,1814.15,870.37,UPI,3.8,4.0
ORD100166,2024-03-01,CUST1244,Female,32,Vijayawada,South,Online,Clothing,Jacket,3,2587.29,0.17,6442.35,3948.51,2493.84,Debit Card,3.5,4.0
ORD100167,2024-03-01,CUST1009,Female,30,Visakhapatnam,South,Online,Grocery,Snacks,7,662.97,0.165,3875.06,3285.85,589.21,Debit Card,4.9,1.0
ORD100168,2024-03-01,CUST1079,Male,55,Guntur,South,Store A,Home & Kitchen,Lamp,6,3945.76,0.154,20028.68,13777.39,6251.28,Credit Card,5.0,6.0
ORD100169,2024-03-02,CUST1190,Male,48,Bengaluru,South,Online,Electronics,Headphones,5,38352.43,0.212,151108.57,115311.89,35796.68,Net Banking,4.1,2.0
ORD100170,2024-03-02,CUST1086,Female,37,Pune,West,Store A,Grocery,Cooking Oil,4,353.4,0.12,1243.97,1068.33,175.64,UPI,3.6,1.0
ORD100171,2024-03-03,CUST1485,Male,18,Pune,West,Store C,Electronics,Smartphone,7,38213.38,0.218,209180.04,162683.01,46497.04,Credit Card,4.8,7.0
ORD100172,2024-03-03,CUST1271,Male,31,Pune,West,Store C,Electronics,Laptop,3,18243.5,0.09,49804.76,38127.51,11677.24,Net Banking,3.2,6.0
ORD100173,2024-03-03,CUST1513,Female,65,Bengaluru,South,Store D,Clothing,Jeans,2,1919.37,0.232,2948.15,1800.26,1147.89,Credit Card,3.8,7.0
ORD100174,2024-03-04,CUST1020,Female,32,Pune,West,Online,Grocery,Snacks,1,308.92,0.175,254.86,216.49,38.37,UPI,3.6,2.0
ORD100175,2024-03-04,CUST1489,Female,47,Guntur,South,Store D,Grocery,Cooking Oil,3,502.2,0.064,1410.18,1227.64,182.54,Debit Card,3.4,7.0
ORD100176,2024-03-04,CUST1130,Male,51,Bengaluru,South,Store C,Clothing,Shoes,2,1993.08,0.141,3424.11,2162.76,1261.35,Debit Card,3.8,4.0
ORD100177,2024-03-05,CUST1007,Female,37,Pune,West,Online,Home & Kitchen,Mixer,1,3345.31,0.133,2900.38,1991.85,908.54,Debit Card,3.5,2.0
ORD100178,2024-03-05,CUST1310,Female,26,Bengaluru,South,Online,Electronics,Headphones,5,29997.14,0.034,144886.19,113873.22,31012.97,Cash,4.0,3.0
ORD100179,2024-03-06,CUST1473,Male,18,Visakhapatnam,South,Store A,Beauty,Face Wash,3,1234.66,0.148,3155.79,2079.15,1076.64,Credit Card,4.0,3.0
ORD100180,2024-03-06,CUST1102,Female,43,Mumbai,West,Online,Electronics,Headphones,3,21343.1,0.079,58970.99,45173.74,13797.24,UPI,3.7,4.0
ORD100181,2024-03-06,CUST1338,Male,26,Mumbai,West,Store A,Electronics,Tablet,7,21032.31,0.013,145312.23,108770.3,36541.93,Credit Card,3.8,7.0
ORD100182,2024-03-07,CUST1319,Male,37,Guntur,South,Online,Home & Kitchen,Mixer,7,4310.91,0.237,23024.57,15287.53,7737.04,Debit Card,3.9,5.0
ORD100183,2024-03-07,CUST1513,Male,21,Chennai,South,Store B,Electronics,Smartwatch,2,20423.81,0.16,34312.0,25895.29,8416.71,Credit Card,4.4,3.0
ORD100184,2024-03-07,CUST1025,Male,32,Hyderabad,South,Store A,Clothing,Jacket,6,2257.7,0.219,10579.58,6648.27,3931.31,Net Banking,3.9,4.0
ORD100185,2024-03-08,CUST1430,Male,35,Pune,West,Store C,Clothing,Dress,7,2411.36,0.169,14026.88,8982.61,5044.27,Credit Card,4.5,1.0
ORD100186,2024-03-08,CUST1143,Male,38,Hyderabad,South,Store D,Grocery,Rice,4,249.69,0.089,909.87,788.37,121.5,Cash,4.3,5.0
ORD100187,2024-03-08,CUST1149,Female,23,Bengaluru,South,Store C,Beauty,Moisturizer,5,1596.52,0.128,6960.83,4548.65,2412.18,Cash,4.3,3.0
ORD100188,2024-03-09,CUST1055,Female,48,Hyderabad,South,Store A,Electronics,Smartwatch,4,39422.96,0.169,131041.92,99152.11,31889.81,Debit Card,4.8,4.0
ORD100189,2024-03-09,CUST1471,Female,28,Guntur,South,Store D,Electronics,Laptop,3,26764.03,0.24,61021.99,46896.59,14125.4,UPI,3.4,4.0
ORD100190,2024-03-10,CUST1363,Male,18,Guntur,South,Online,Home & Kitchen,Lamp,4,4099.08,0.063,15363.35,10601.91,4761.44,Net Banking,3.7,1.0
ORD100191,2024-03-10,CUST1209,Female,34,Vijayawada,South,Store C,Clothing,Dress,1,2318.5,0.219,1810.75,1082.66,728.09,UPI,5.0,1.0
ORD100192,2024-03-10,CUST1185,Male,35,Mumbai,West,Store B,Beauty,Moisturizer,5,1103.58,0.231,4243.27,2695.48,1547.79,UPI,3.9,5.0
ORD100193,2024-03-11,CUST1065,Female,37,Pune,West,Store C,Grocery,Juice,4,527.34,0.168,1754.99,1535.09,219.9,Net Banking,2.5,6.0
ORD100194,2024-03-11,CUST1549,Male,50,Vijayawada,South,Store A,Clothing,Dress,1,1142.9,0.233,876.6,546.18,330.42,Cash,3.9,3.0
ORD100195,2024-03-11,CUST1112,Female,32,Hyderabad,South,Online,Grocery,Coffee,2,520.8,0.099,938.48,789.71,148.77,Debit Card,4.1,4.0
ORD100196,2024-03-12,CUST1263,Male,34,Chennai,South,Online,Home & Kitchen,Chair,4,3998.11,0.238,12186.24,7924.17,4262.07,Credit Card,2.6,5.0
ORD100197,2024-03-12,CUST1076,Female,23,Vijayawada,South,Store D,Home & Kitchen,Cookware Set,5,4016.16,0.176,16546.58,11177.59,5368.99,Cash,4.7,7.0
ORD100198,2024-03-12,CUST1296,Male,44,Vijayawada,South,Store B,Electronics,Tablet,1,32457.97,0.011,32100.93,24365.27,7735.66,Debit Card,3.6,5.0
ORD100199,2024-03-13,CUST1178,Female,37,Guntur,South,Online,Beauty,Moisturizer,4,928.82,0.227,2871.91,1808.78,1063.13,Cash,4.2,
ORD100200,2024-03-13,CUST1001,Male,30,Chennai,South,Store D,Grocery,Juice,2,420.11,0.121,738.55,636.79,101.76,Net Banking,3.9,1.0
ORD100201,2024-03-14,CUST1148,Female,18,Bengaluru,South,Online,Clothing,Jacket,4,2747.75,0.115,9727.04,6085.73,3641.3,UPI,3.3,4.0
ORD100202,2024-03-14,CUST1129,Female,51,Hyderabad,South,Store D,Home & Kitchen,Bedsheet,1,3349.67,0.142,2874.02,1977.92,896.09,Net Banking,3.4,2.0
ORD100203,2024-03-14,CUST1513,Female,21,Vijayawada,South,Online,Electronics,Smartwatch,4,26400.24,0.037,101693.72,74009.75,27683.98,Credit Card,3.5,6.0
ORD100204,2024-03-15,CUST1502,Male,28,Chennai,South,Store D,Electronics,Tablet,5,24530.93,0.117,108304.06,80363.84,27940.22,Net Banking,4.6,6.0
ORD100205,2024-03-15,CUST1149,Male,39,Mumbai,West,Store C,Grocery,Juice,3,376.75,0.208,895.16,765.61,129.54,UPI,3.9,1.0
ORD100206,2024-03-15,CUST1269,Male,22,Pune,West,Online,Home & Kitchen,Lamp,1,5123.53,0.004,5103.04,3505.8,1597.23,Cash,3.7,7.0
ORD100207,2024-03-16,CUST1105,Male,19,Chennai,South,Store D,Beauty,Shampoo,1,1015.3,0.068,946.26,610.94,335.32,Debit Card,3.5,4.0
ORD100208,2024-03-16,CUST1466,Male,18,Mumbai,West,Store D,Home & Kitchen,Bedsheet,1,2372.71,0.001,2370.34,1625.52,744.82,Credit Card,4.7,5.0
ORD100209,2024-03-16,CUST1281,Female,43,Hyderabad,South,Store B,Grocery,Juice,1,432.39,0.104,387.42,330.88,56.54,Cash,4.8,6.0
ORD100210,2024-03-17,CUST1407,Male,29,Chennai,South,Store D,Grocery,Juice,4,199.74,0.182,653.55,558.74,94.81,Debit Card,4.7,5.0
ORD100211,2024-03-17,CUST1358,Female,67,Mumbai,West,Store D,Home & Kitchen,Cookware Set,5,2848.71,0.2,11394.84,7646.91,3747.93,UPI,4.3,3.0
ORD100212,2024-03-18,CUST1203,Female,24,Chennai,South,Store B,Grocery,Cooking Oil,2,354.78,0.236,542.1,472.66,69.45,Net Banking,4.2,2.0
ORD100213,2024-03-18,CUST1281,Male,25,Chennai,South,Store A,Home & Kitchen,Lamp,5,4117.43,0.152,17457.9,11674.68,5783.22,Cash,3.3,1.0
ORD100214,2024-03-18,CUST1257,Female,29,Pune,West,Store D,Clothing,T-Shirt,1,1463.29,0.064,1369.64,862.17,507.47,Debit Card,3.9,7.0
ORD100215,2024-03-19,CUST1094,Male,38,Mumbai,West,Online,Home & Kitchen,Lamp,6,4387.8,0.231,20245.31,13818.32,6426.99,Debit Card,3.6,6.0
ORD100216,2024-03-19,CUST1324,Male,30,Mumbai,West,Store C,Home & Kitchen,Lamp,4,4898.48,0.194,15792.7,10730.33,5062.37,Net Banking,3.0,3.0
ORD100217,2024-03-19,CUST1362,Male,42,Vijayawada,South,Store B,Grocery,Cooking Oil,6,617.18,0.144,3169.84,2693.84,476.0,Cash,4.6,3.0
ORD100218,2024-03-20,CUST1351,Female,24,Hyderabad,South,Store D,Grocery,Cooking Oil,4,467.69,0.174,1545.25,1296.49,248.76,Cash,3.6,2.0
ORD100219,2024-03-20,CUST1062,Male,20,Pune,West,Store A,Electronics,Tablet,1,25987.8,0.231,19984.62,15011.25,4973.37,UPI,4.7,1.0
ORD100220,2024-03-20,CUST1187,Male,18,Chennai,South,Store C,Electronics,Tablet,4,14325.11,0.178,47100.96,35584.09,11516.87,Cash,4.5,1.0
ORD100221,2024-03-21,CUST1580,Male,18,Chennai,South,Store A,Clothing,Shoes,1,1733.11,0.092,1573.66,934.07,639.6,Net Banking,4.3,5.0
ORD100222,2024-03-21,CUST1542,Female,29,Vijayawada,South,Store B,Electronics,Smartphone,5,18976.93,0.178,77995.18,59065.77,18929.42,Cash,4.3,1.0
ORD100223,2024-03-22,CUST1304,Male,32,Hyderabad,South,Store B,Home & Kitchen,Lamp,7,4194.33,,29066.71,20094.23,8972.48,UPI,3.7,3.0
ORD100224,2024-03-22,CUST1436,Female,28,Guntur,South,Store C,Grocery,Juice,3,885.91,0.097,2399.93,2085.01,314.92,Debit Card,5.0,5.0
ORD100225,2024-03-22,CUST1213,Female,49,Pune,West,Store A,Electronics,Smartwatch,4,28498.75,0.102,102367.51,77104.43,25263.08,Cash,4.0,1.0
ORD100226,2024-03-23,CUST1406,Male,49,Vijayawada,South,Store C,Electronics,Laptop,1,11062.02,0.042,10597.42,8060.84,2536.58,Net Banking,4.2,7.0
ORD100227,2024-03-23,CUST1134,Female,31,Hyderabad,South,Store C,Clothing,Jacket,6,1619.38,0.006,9657.98,5928.0,3729.98,Cash,3.6,7.0
ORD100228,2024-03-23,CUST1219,Female,18,Pune,West,Store C,Clothing,T-Shirt,1,1861.25,0.033,1799.83,1118.88,680.95,Credit Card,3.5,2.0
ORD100229,2024-03-24,CUST1421,Male,29,Chennai,South,Store C,Home & Kitchen,Chair,6,3587.36,0.164,17994.2,12575.26,5418.94,UPI,4.3,3.0
ORD100230,2024-03-24,CUST1319,Male,28,Hyderabad,South,Online,Grocery,Snacks,4,390.38,0.201,1247.65,1091.69,155.97,Debit Card,4.1,4.0
ORD100231,2024-03-24,CUST1157,Male,28,Hyderabad,South,Store A,Clothing,Shoes,2,1922.65,0.247,2895.51,1812.05,1083.47,Credit Card,3.6,2.0
ORD100232,2024-03-25,CUST1188,Female,27,Bengaluru,South,Store C,Electronics,Smartwatch,6,16302.49,0.087,89305.04,67269.68,22035.36,Net Banking,3.2,2.0
ORD100233,2024-03-25,CUST1476,Male,28,Hyderabad,South,Store A,Grocery,Juice,1,358.26,0.15,304.52,265.42,39.1,Cash,3.3,1.0
ORD100234,2024-03-26,CUST1162,Female,31,Guntur,South,Store A,Grocery,Cooking Oil,4,596.87,0.234,1828.81,1525.02,303.79,UPI,4.7,5.0
ORD100235,2024-03-26,CUST1129,Female,28,Hyderabad,South,Store D,Electronics,Smartwatch,1,17890.36,0.042,17138.96,12966.45,4172.52,Cash,3.7,5.0
ORD100236,2024-03-26,CUST1304,Female,37,Guntur,South,Store D,Clothing,Jeans,2,2069.11,0.179,3397.48,2128.57,1268.91,Cash,3.8,
ORD100237,2024-03-27,CUST1089,Female,39,Chennai,South,Online,Electronics,Smartwatch,3,15413.75,0.189,37501.65,28881.11,8620.54,Cash,4.8,3.0
ORD100238,2024-03-27,CUST1162,Female,25,Guntur,South,Store D,Grocery,Coffee,7,764.72,0.022,5235.27,4556.62,678.65,Cash,3.4,1.0
ORD100239,2024-03-27,CUST1036,Male,49,Pune,West,Online,Beauty,Shampoo,7,929.01,0.215,5104.91,3284.48,1820.43,UPI,3.6,5.0
ORD100240,2024-03-28,CUST1227,Male,24,Chennai,South,Store A,Beauty,Perfume,2,1121.72,0.203,1788.02,1140.3,647.72,Credit Card,3.6,7.0
ORD100241,2024-03-28,CUST1151,Female,18,Chennai,South,Store A,Home & Kitchen,Mixer,5,3830.61,0.008,18999.83,13044.99,5954.83,Net Banking,4.9,6.0
ORD100242,2024-03-29,CUST1593,Female,39,Guntur,South,Store A,Electronics,Tablet,4,21042.55,0.023,82234.29,61426.12,20808.16,Credit Card,5.0,4.0
ORD100243,2024-03-29,CUST1047,Male,26,Mumbai,West,Store B,Electronics,Smartwatch,2,26003.84,0.012,51383.59,38457.78,12925.81,UPI,4.4,6.0
ORD100244,2024-03-29,CUST1231,Male,39,Vijayawada,South,Store D,Home & Kitchen,Lamp,3,4075.36,0.084,11199.09,7623.84,3575.25,Net Banking,4.4,1.0
ORD100245,2024-03-30,CUST1539,Female,18,Visakhapatnam,South,Store D,Home & Kitchen,Cookware Set,1,4460.61,0.127,3894.11,2656.25,1237.86,Debit Card,3.7,1.0
ORD100246,2024-03-30,CUST1165,Female,50,Mumbai,West,Store A,Home & Kitchen,Lamp,4,4291.5,0.133,14882.92,9787.82,5095.1,Credit Card,5.0,5.0
ORD100247,2024-03-30,CUST1587,Male,42,Hyderabad,South,Online,Grocery,Cooking Oil,6,474.23,0.067,2654.74,2301.78,352.96,UPI,4.1,2.0
ORD100248,2024-03-31,CUST1574,Male,18,Bengaluru,South,Online,Electronics,Tablet,2,23973.58,0.228,37015.21,28522.84,8492.36,UPI,4.5,1.0
ORD100249,2024-03-31,CUST1066,Female,19,Visakhapatnam,South,Store B,Grocery,Rice,3,852.37,0.092,2321.86,1994.02,327.84,UPI,3.9,2.0
ORD100250,2024-03-31,CUST1080,Male,53,Hyderabad,South,Store A,Home & Kitchen,Mixer,2,4449.89,0.011,8801.88,6241.09,2560.79,Net Banking,3.9,3.0
ORD100251,2024-04-01,CUST1140,Male,27,Mumbai,West,Store A,Electronics,Laptop,5,18547.23,0.075,85780.94,64392.1,21388.84,Cash,4.9,7.0
ORD100252,2024-04-01,CUST1400,Female,26,Mumbai,West,Store A,Grocery,Rice,7,515.0,0.133,3125.54,2670.49,455.05,Debit Card,4.3,3.0
ORD100253,2024-04-02,CUST1130,Female,18,Hyderabad,South,Store A,Grocery,Rice,7,449.73,0.102,2827.0,2413.93,413.07,Net Banking,4.8,5.0
ORD100254,2024-04-02,CUST1446,Female,31,Chennai,South,Store C,Home & Kitchen,Mixer,4,3364.67,0.068,12543.49,8517.88,4025.61,Net Banking,4.1,3.0
ORD100255,2024-04-02,CUST1029,Male,32,Hyderabad,South,Store B,Electronics,Smartphone,1,16393.53,0.033,15852.54,11976.64,3875.9,Credit Card,3.5,6.0
ORD100256,2024-04-03,CUST1202,Female,43,Bengaluru,South,Store B,Home & Kitchen,Chair,3,3088.08,0.205,7365.07,4881.43,2483.64,Debit Card,3.7,6.0
ORD100257,2024-04-03,CUST1237,Male,20,Mumbai,West,Online,Electronics,Tablet,2,37680.89,0.249,56596.7,42590.33,14006.37,UPI,4.1,6.0
ORD100258,2024-04-03,CUST1599,Female,18,Hyderabad,South,Store D,Beauty,Face Wash,4,1402.68,0.082,5150.64,3290.62,1860.02,Net Banking,3.7,5.0
ORD100259,2024-04-04,CUST1339,Female,40,Guntur,South,Online,Clothing,Jeans,2,554.42,0.095,1003.5,635.93,367.57,Debit Card,3.4,5.0
ORD100260,2024-04-04,CUST1399,Male,46,Visakhapatnam,South,Store A,Clothing,Jeans,4,2408.36,0.155,8140.26,5247.02,2893.23,Credit Card,4.7,6.0
ORD100261,2024-04-04,CUST1439,Male,18,Guntur,South,Store C,Clothing,Jeans,7,2344.81,0.18,13459.21,8545.3,4913.91,Cash,3.7,2.0
ORD100262,2024-04-05,CUST1289,Female,47,Bengaluru,South,Store D,Home & Kitchen,Chair,5,3140.71,0.098,14164.6,9497.5,4667.1,Debit Card,4.1,6.0
ORD100263,2024-04-05,CUST1252,Female,35,Hyderabad,South,Store A,Beauty,Lip Balm,2,1451.04,0.226,2246.21,1419.57,826.64,UPI,4.2,2.0
ORD100264,2024-04-06,CUST1100,Male,47,Pune,West,Store A,Electronics,Smartwatch,5,18984.21,0.14,81632.1,61862.47,19769.63,Net Banking,3.7,3.0
ORD100265,2024-04-06,CUST1585,Female,34,Bengaluru,South,Store D,Grocery,Snacks,6,429.46,0.113,2285.59,2028.74,256.84,Cash,4.8,2.0
ORD100266,2024-04-06,CUST1422,Male,18,Chennai,South,Store D,Electronics,Smartphone,6,35489.82,0.162,178442.81,135212.72,43230.09,Credit Card,3.4,1.0
ORD100267,2024-04-07,CUST1018,Male,33,Guntur,South,Store C,Grocery,Snacks,7,459.24,0.238,2449.59,2056.31,393.28,UPI,4.1,4.0
ORD100268,2024-04-07,CUST1471,Female,47,Guntur,South,Store C,Electronics,Laptop,3,11911.88,0.199,28624.25,21558.18,7066.07,Cash,4.1,1.0
ORD100269,2024-04-07,CUST1007,Male,25,Vijayawada,South,Store C,Beauty,Face Wash,5,1177.84,0.01,5830.31,3782.24,2048.06,Credit Card,4.0,1.0
ORD100270,2024-04-08,CUST1419,Male,31,Hyderabad,South,Store A,Grocery,Coffee,4,488.21,0.083,1790.75,1559.17,231.58,UPI,3.3,5.0
ORD100271,2024-04-08,CUST1380,Male,33,Chennai,South,Store B,Home & Kitchen,Lamp,3,4698.37,0.118,12431.89,8423.22,4008.67,Net Banking,4.5,4.0
ORD100272,2024-04-08,CUST1508,Female,18,Pune,West,Store A,Electronics,Headphones,2,25100.35,0.079,46234.84,35570.74,10664.11,Credit Card,4.4,5.0
ORD100273,2024-04-09,CUST1114,Male,53,Guntur,South,Store A,Electronics,Tablet,2,22048.92,0.175,36380.72,26518.01,9862.7,Cash,3.6,2.0
ORD100274,2024-04-09,CUST1511,Female,25,Guntur,South,Online,Grocery,Coffee,4,656.76,0.207,2083.24,1794.94,288.31,UPI,4.4,
ORD100275,2024-04-10,CUST1596,Female,41,Chennai,South,Store D,Home & Kitchen,Mixer,1,3620.79,0.183,2958.19,2042.73,915.46,Debit Card,4.2,7.0
ORD100276,2024-04-10,CUST1469,Female,34,Bengaluru,South,Online,Home & Kitchen,Lamp,1,2749.98,0.247,2070.73,1386.99,683.74,UPI,3.3,7.0
ORD100277,2024-04-10,CUST1093,Male,49,Bengaluru,South,Store B,Beauty,Lip Balm,2,1604.25,0.068,2990.32,1885.0,1105.33,Cash,3.5,
ORD100278,2024-04-11,CUST1492,Male,39,Hyderabad,South,Store C,Home & Kitchen,Mixer,7,3693.66,0.219,20193.24,13270.08,6923.16,Cash,4.6,2.0
ORD100279,2024-04-11,CUST1102,Female,32,Mumbai,West,Store B,Home & Kitchen,Bedsheet,7,3502.93,0.192,19812.57,13858.11,5954.46,Debit Card,4.2,4.0
ORD100280,2024-04-11,CUST1493,Female,25,Vijayawada,South,Store A,Home & Kitchen,Mixer,4,3677.91,0.091,13372.88,8975.68,4397.2,Cash,3.7,3.0
ORD100281,2024-04-12,CUST1536,Male,44,Guntur,South,Store A,Clothing,Shoes,1,1264.67,0.184,1031.97,642.6,389.37,UPI,3.5,2.0
ORD100282,2024-04-12,CUST1485,Female,18,Mumbai,West,Online,Beauty,Perfume,5,1015.32,0.026,4944.61,3198.95,1745.66,Credit Card,3.7,1.0
ORD100283,2024-04-12,CUST1479,Female,42,Mumbai,West,Store D,Electronics,Headphones,2,25025.08,0.197,40190.28,31375.95,8814.33,UPI,3.8,4.0
ORD100284,2024-04-13,CUST1167,Male,23,Vijayawada,South,Store D,Grocery,Rice,6,470.8,0.133,2449.1,2100.39,348.71,Cash,3.5,4.0
ORD100285,2024-04-13,CUST1140,Female,49,Mumbai,West,Store C,Electronics,Tablet,5,33907.0,0.073,157158.94,118281.06,38877.89,Debit Card,3.0,2.0
ORD100286,2024-04-14,CUST1094,Male,37,Mumbai,West,Online,Beauty,Moisturizer,4,1276.09,0.164,4267.24,2739.54,1527.7,Debit Card,4.6,2.0
ORD100287,2024-04-14,CUST1181,Male,42,Bengaluru,South,Store A,Grocery,Juice,6,628.24,0.16,3166.33,2785.98,380.35,Net Banking,4.5,5.0
ORD100288,2024-04-14,CUST1576,Female,36,Bengaluru,South,Store B,Beauty,Shampoo,5,1203.29,0.052,5703.59,3639.12,2064.48,Debit Card,3.3,5.0
ORD100289,2024-04-15,CUST1004,Male,18,Visakhapatnam,South,Store B,Home & Kitchen,Chair,1,4556.29,0.008,4519.84,3020.66,1499.17,Debit Card,4.1,1.0
ORD100290,2024-04-15,CUST1389,Male,26,Pune,West,Online,Grocery,Snacks,7,559.63,0.108,3494.33,2921.78,572.55,Cash,3.5,4.0
ORD100291,2024-04-15,CUST1272,Male,42,Hyderabad,South,Online,Home & Kitchen,Chair,1,3513.42,0.142,3014.51,2004.81,1009.71,Credit Card,,7.0
ORD100292,2024-04-16,CUST1132,Female,37,Mumbai,West,Store B,Electronics,Headphones,6,24907.02,0.219,116714.3,90083.0,26631.3,Credit Card,3.8,3.0
ORD100293,2024-04-16,CUST1584,Female,48,Visakhapatnam,South,Online,Electronics,Headphones,3,18318.93,0.232,42206.81,31892.05,10314.76,Cash,3.8,3.0
ORD100294,2024-04-16,CUST1593,Female,39,Pune,West,Online,Grocery,Coffee,7,576.04,0.132,3500.02,2977.1,522.92,Debit Card,5.0,4.0
ORD100295,2024-04-17,CUST1512,Male,24,Visakhapatnam,South,Store B,Grocery,Snacks,2,493.97,0.188,802.21,681.01,121.2,UPI,3.8,1.0
ORD100296,2024-04-17,CUST1052,Male,26,Visakhapatnam,South,Store C,Beauty,Perfume,6,1024.3,0.11,5469.76,3506.01,1963.76,Credit Card,3.6,7.0
ORD100297,2024-04-18,CUST1290,Female,36,Hyderabad,South,Store C,Beauty,Shampoo,4,1587.26,0.187,5161.77,3289.29,1872.48,Cash,3.6,5.0
ORD100298,2024-04-18,CUST1446,Female,18,Hyderabad,South,Online,Home & Kitchen,Lamp,2,2249.78,0.051,4270.08,2889.38,1380.7,UPI,4.6,5.0
ORD100299,2024-04-18,CUST1237,Male,53,Chennai,South,Store B,Grocery,Juice,5,436.63,0.093,1980.12,1744.26,235.86,Debit Card,3.1,5.0
ORD100300,2024-04-19,CUST1491,Female,40,Vijayawada,South,Online,Electronics,Smartphone,7,32194.03,0.159,189526.25,148027.6,41498.66,Cash,3.6,3.0
ORD100301,2024-04-19,CUST1280,Female,48,Vijayawada,South,Store B,Beauty,Moisturizer,4,1310.43,0.005,5215.51,3241.19,1974.32,Credit Card,4.8,3.0
ORD100302,2024-04-19,CUST1044,Female,18,Chennai,South,Online,Beauty,Face Wash,4,1183.25,0.181,3876.33,2495.48,1380.85,UPI,4.1,1.0
ORD100303,2024-04-20,CUST1359,Female,49,Chennai,South,Store C,Electronics,Laptop,1,26757.02,0.209,21164.8,15860.32,5304.48,UPI,4.1,3.0
ORD100304,2024-04-20,CUST1568,Female,60,Bengaluru,South,Store D,Beauty,Face Wash,5,1262.79,0.1,5682.56,3620.58,2061.97,Credit Card,5.0,2.0
ORD100305,2024-04-21,CUST1526,Male,20,Pune,West,Online,Home & Kitchen,Cookware Set,1,1983.34,0.112,1761.21,1204.29,556.92,UPI,4.1,3.0
ORD100306,2024-04-21,CUST1462,Female,43,Visakhapatnam,South,Online,Grocery,Cooking Oil,1,447.61,0.213,352.27,301.79,50.48,Credit Card,3.6,5.0
ORD100307,2024-04-21,CUST1101,Female,35,Mumbai,West,Online,Electronics,Headphones,7,36315.65,0.194,204892.9,156364.57,48528.33,Cash,3.8,1.0
ORD100308,2024-04-22,CUST1461,Male,18,Chennai,South,Store A,Grocery,Rice,3,401.1,0.072,1116.66,971.96,144.7,Net Banking,3.4,4.0
ORD100309,2024-04-22,CUST1268,Male,40,Guntur,South,Store D,Beauty,Moisturizer,1,1088.59,0.081,1000.41,643.66,356.75,Debit Card,4.7,4.0
ORD100310,2024-04-22,CUST1362,Male,44,Vijayawada,South,Store A,Beauty,Moisturizer,2,1010.43,0.17,1677.31,1060.98,616.33,Cash,4.3,1.0
ORD100311,2024-04-23,CUST1408,Male,28,Chennai,South,Store C,Electronics,Laptop,4,24390.89,0.141,83807.1,62972.03,20835.07,Debit Card,4.6,2.0
ORD100312,2024-04-23,CUST1037,Female,48,Guntur,South,Store D,Home & Kitchen,Mixer,7,2916.88,0.041,19581.02,12970.03,6610.98,Debit Card,4.7,4.0
ORD100313,2024-04-23,CUST1468,Female,18,Guntur,South,Store C,Clothing,T-Shirt,1,2043.37,0.077,1886.03,1151.37,734.66,Credit Card,3.8,5.0
ORD100314,2024-04-24,CUST1259,Female,19,Guntur,South,Store C,Electronics,Smartphone,6,26381.19,0.225,122672.53,96523.79,26148.74,Net Banking,3.5,4.0
ORD100315,2024-04-24,CUST1509,Female,37,Bengaluru,South,Online,Clothing,Jeans,2,2186.77,0.172,3621.29,2213.19,1408.1,Debit Card,4.0,4.0
ORD100316,2024-04-25,CUST1309,Male,35,Bengaluru,South,Store A,Clothing,Jeans,5,1274.53,0.246,4804.98,2915.09,1889.88,Debit Card,3.5,5.0
ORD100317,2024-04-25,CUST1273,Male,27,Mumbai,West,Store D,Home & Kitchen,Lamp,4,3159.66,0.192,10212.02,6984.16,3227.86,Cash,4.1,3.0
ORD100318,2024-04-25,CUST1110,Female,44,Mumbai,West,Store C,Clothing,Dress,7,1687.14,0.235,9034.63,5590.35,3444.29,Net Banking,4.6,2.0
ORD100319,2024-04-26,CUST1260,Female,41,Guntur,South,Store A,Clothing,Dress,6,2027.82,0.054,11509.91,7111.02,4398.89,Net Banking,3.9,7.0
ORD100320,2024-04-26,CUST1268,Female,44,Pune,West,Store A,Home & Kitchen,Bedsheet,7,2706.78,0.193,15290.6,10661.32,4629.28,Debit Card,4.1,5.0
ORD100321,2024-04-26,CUST1032,Female,34,Bengaluru,South,Online,Clothing,Jeans,7,2257.83,0.005,15725.79,9846.36,5879.43,Net Banking,3.9,5.0
ORD100322,2024-04-27,CUST1177,Male,42,Visakhapatnam,South,Online,Clothing,Shoes,6,2393.21,0.168,11946.9,7336.42,4610.49,Cash,4.4,6.0
ORD100323,2024-04-27,CUST1104,Female,30,Guntur,South,Online,Clothing,Shoes,5,1305.56,0.117,5764.05,3546.4,2217.64,Credit Card,3.6,
ORD100324,2024-04-27,CUST1236,Male,58,Visakhapatnam,South,Online,Electronics,Smartwatch,6,21563.89,0.087,118126.99,88964.34,29162.65,Debit Card,2.8,2.0
ORD100325,2024-04-28,CUST1093,Male,26,Visakhapatnam,South,Store B,Electronics,Smartphone,2,21276.48,0.216,33361.52,25753.97,7607.55,UPI,4.3,3.0
ORD100326,2024-04-28,CUST1201,Male,58,Guntur,South,Store B,Electronics,Headphones,7,43426.7,0.214,238933.7,180582.4,58351.3,Debit Card,4.5,6.0
ORD100327,2024-04-29,CUST1597,Male,35,Vijayawada,South,Store D,Home & Kitchen,Cookware Set,5,3070.1,0.006,15258.4,10040.82,5217.58,Debit Card,4.2,7.0
ORD100328,2024-04-29,CUST1035,Female,20,Pune,West,Store C,Beauty,Face Wash,7,1787.17,0.152,10608.64,6783.63,3825.02,Credit Card,3.6,5.0
ORD100329,2024-04-29,CUST1117,Female,50,Guntur,South,Store C,Clothing,Jeans,6,1166.68,0.092,6356.07,3831.74,2524.33,UPI,3.4,7.0
ORD100330,2024-04-30,CUST1458,Female,36,Mumbai,West,Store B,Clothing,T-Shirt,5,1305.17,0.104,5847.16,3767.77,2079.39,UPI,4.3,7.0
ORD100331,2024-04-30,CUST1471,Female,44,Guntur,South,Store D,Home & Kitchen,Mixer,5,2813.4,0.208,11141.06,7444.24,3696.83,UPI,4.1,7.0
ORD100332,2024-04-30,CUST1399,Male,48,Bengaluru,South,Store D,Clothing,Jacket,1,1377.16,0.077,1271.12,785.8,485.32,Credit Card,3.9,6.0
ORD100333,2024-05-01,CUST1597,Male,39,Guntur,South,Store A,Electronics,Smartwatch,1,23124.71,0.236,17667.28,13489.54,4177.74,Net Banking,5.0,3.0
ORD100334,2024-05-01,CUST1117,Male,28,Vijayawada,South,Store C,Beauty,Shampoo,1,951.93,0.045,909.09,578.8,330.3,UPI,3.5,6.0
ORD100335,2024-05-01,CUST1362,Female,46,Bengaluru,South,Store D,Grocery,Rice,6,377.1,0.166,1887.01,1614.36,272.65,Net Banking,5.0,6.0
ORD100336,2024-05-02,CUST1204,Male,35,Mumbai,West,Store D,Clothing,Jeans,4,2379.24,0.168,7918.11,4946.5,2971.61,Cash,4.0,6.0
ORD100337,2024-05-02,CUST1146,Male,43,Hyderabad,South,Store B,Electronics,Smartwatch,2,33566.56,0.063,62903.73,49120.18,13783.55,Credit Card,3.0,5.0
ORD100338,2024-05-03,CUST1444,Male,18,Hyderabad,South,Online,Grocery,Coffee,6,642.39,0.081,3542.14,3088.32,453.82,Net Banking,3.9,5.0
ORD100339,2024-05-03,CUST1297,Male,40,Visakhapatnam,South,Store A,Beauty,Lip Balm,7,1383.4,0.209,7659.89,5032.79,2627.09,UPI,4.5,1.0
ORD100340,2024-05-03,CUST1581,Female,28,Pune,West,Store B,Grocery,Coffee,1,513.91,0.19,416.27,351.25,65.02,UPI,3.8,4.0
ORD100341,2024-05-04,CUST1487,Male,53,Visakhapatnam,South,Online,Electronics,Headphones,5,21520.79,0.082,98780.43,75501.98,23278.44,Net Banking,3.2,2.0
ORD100342,2024-05-04,CUST1231,Male,42,Vijayawada,South,Store D,Grocery,Rice,6,357.03,0.133,1857.27,1601.72,255.55,Net Banking,3.9,1.0
ORD100343,2024-05-04,CUST1203,Female,38,Chennai,South,Store B,Home & Kitchen,Lamp,5,3863.0,0.015,19025.28,13018.95,6006.33,Cash,3.5,3.0
ORD100344,2024-05-05,CUST1362,Female,40,Mumbai,West,Store D,Grocery,Snacks,7,323.96,0.052,2149.8,1894.63,255.17,Credit Card,4.3,6.0
ORD100345,2024-05-05,CUST1395,Female,24,Pune,West,Store D,Clothing,Jeans,5,1303.04,0.121,5726.86,3536.54,2190.32,Debit Card,4.4,5.0
ORD100346,2024-05-05,CUST1248,Male,53,Mumbai,West,Online,Clothing,T-Shirt,5,2376.46,0.021,11632.77,7159.68,4473.1,Cash,3.4,6.0
ORD100347,2024-05-06,CUST1440,Male,57,Hyderabad,South,Online,Home & Kitchen,Chair,3,5400.65,0.211,12783.34,8776.22,4007.12,Cash,3.6,5.0
ORD100348,2024-05-06,CUST1396,Male,39,Visakhapatnam,South,Store D,Electronics,Laptop,4,27753.07,0.18,91030.07,66968.47,24061.6,Cash,4.4,7.0
ORD100349,2024-05-07,CUST1356,Male,52,Mumbai,West,Store C,Clothing,Jeans,2,2353.23,0.236,3595.74,2219.85,1375.88,UPI,3.5,2.0
ORD100350,2024-05-07,CUST1401,Female,29,Hyderabad,South,Store A,Beauty,Lip Balm,2,1113.95,0.173,1842.47,1176.33,666.14,Net Banking,3.4,1.0
ORD100351,2024-05-07,CUST1241,Male,26,Vijayawada,South,Store B,Clothing,Shoes,1,1131.16,0.235,865.34,527.62,337.72,Credit Card,3.4,1.0
ORD100352,2024-05-08,CUST1341,Male,35,Vijayawada,South,Store C,Clothing,Shoes,3,2106.09,0.139,5440.03,3436.99,2003.04,UPI,4.2,3.0
ORD100353,2024-05-08,CUST1229,Female,40,Chennai,South,Store D,Electronics,Smartwatch,6,28985.03,0.15,147823.65,110197.88,37625.77,Cash,4.2,7.0
ORD100354,2024-05-08,CUST1543,Female,31,Mumbai,West,Store C,Grocery,Snacks,6,510.75,0.244,2316.76,1987.54,329.22,Credit Card,3.6,1.0
ORD100355,2024-05-09,CUST1539,Female,41,Chennai,South,Store B,Clothing,Jacket,2,1678.81,0.161,2817.04,1755.78,1061.26,UPI,4.0,1.0
ORD100356,2024-05-09,CUST1529,Male,38,Bengaluru,South,Store A,Home & Kitchen,Mixer,4,4462.21,0.008,17706.05,12333.44,5372.61,Debit Card,4.8,4.0
ORD100357,2024-05-10,CUST1267,Male,24,Pune,West,Store C,Grocery,Coffee,5,352.14,0.181,1442.01,1239.9,202.12,Cash,3.5,2.0
ORD100358,2024-05-10,CUST1129,Male,41,Mumbai,West,Store B,Beauty,Lip Balm,7,929.18,0.226,5034.3,3276.24,1758.05,UPI,2.9,6.0
ORD100359,2024-05-10,CUST1220,Male,44,Vijayawada,South,Online,Electronics,Tablet,1,17943.25,0.199,14372.54,11060.88,3311.66,UPI,4.3,1.0
ORD100360,2024-05-11,CUST1082,Male,37,Visakhapatnam,South,Store A,Beauty,Shampoo,4,1229.74,0.146,4200.79,2694.48,1506.31,Cash,3.9,3.0
ORD100361,2024-05-11,CUST1561,Female,48,Hyderabad,South,Store D,Grocery,Cooking Oil,2,336.82,0.168,560.47,472.55,87.92,Debit Card,3.6,6.0
ORD100362,2024-05-11,CUST1553,Female,22,Guntur,South,Online,Grocery,Juice,3,397.36,0.248,896.44,751.03,145.41,Net Banking,4.4,5.0
ORD100363,2024-05-12,CUST1020,Male,40,Chennai,South,Store A,Grocery,Juice,1,394.14,0.023,385.07,331.8,53.28,Debit Card,4.5,7.0
ORD100364,2024-05-12,CUST1327,Male,22,Guntur,South,Store C,Beauty,Moisturizer,2,1108.79,0.167,1847.24,1170.69,676.56,Cash,2.8,7.0
ORD100365,2024-05-12,CUST1037,Male,23,Mumbai,West,Store A,Grocery,Snacks,6,276.89,0.071,1543.38,1349.27,194.11,Net Banking,3.6,1.0
ORD100366,2024-05-13,CUST1382,Male,28,Visakhapatnam,South,Store D,Beauty,Shampoo,1,1230.52,0.16,1033.64,670.41,363.23,UPI,5.0,1.0
ORD100367,2024-05-13,CUST1039,Male,25,Chennai,South,Store D,Grocery,Snacks,2,687.1,0.152,1165.32,998.85,166.48,Debit Card,4.3,6.0
ORD100368,2024-05-14,CUST1109,Female,29,Guntur,South,Store C,Home & Kitchen,Chair,6,3635.49,0.038,20984.05,13971.8,7012.25,Debit Card,4.4,5.0
ORD100369,2024-05-14,CUST1429,Female,33,Pune,West,Store C,Grocery,Juice,7,731.2,0.052,4852.24,4211.29,640.95,Net Banking,4.6,4.0
ORD100370,2024-05-14,CUST1064,Female,44,Visakhapatnam,South,Online,Beauty,Perfume,6,1666.9,0.155,8451.18,5309.65,3141.53,UPI,4.0,2.0
ORD100371,2024-05-15,CUST1175,Male,31,Hyderabad,South,Store B,Clothing,Shoes,5,2188.87,0.032,10594.13,6478.69,4115.44,Debit Card,4.4,4.0
ORD100372,2024-05-15,CUST1032,Male,18,Pune,West,Store A,Grocery,Juice,3,511.2,0.066,1432.38,1210.13,222.25,Net Banking,4.4,3.0
ORD100373,2024-05-15,CUST1531,Female,48,Visakhapatnam,South,Online,Clothing,T-Shirt,5,1811.25,0.209,7163.49,4430.29,2733.2,Debit Card,4.3,6.0
ORD100374,2024-05-16,CUST1106,Female,26,Bengaluru,South,Store D,Home & Kitchen,Bedsheet,2,4263.8,0.082,7828.34,5435.4,2392.94,UPI,3.8,1.0
ORD100375,2024-05-16,CUST1482,Male,34,Chennai,South,Online,Electronics,Headphones,7,22258.31,0.122,136799.57,103958.24,32841.33,UPI,4.1,4.0
ORD100376,2024-05-16,CUST1206,Female,40,Vijayawada,South,Store D,Home & Kitchen,Lamp,4,1617.48,0.235,4949.49,3338.8,1610.69,Credit Card,3.7,2.0
ORD100377,2024-05-17,CUST1247,Female,37,Hyderabad,South,Online,Grocery,Coffee,7,573.8,0.057,3787.65,3167.93,619.72,Net Banking,4.0,3.0
ORD100378,2024-05-17,CUST1089,Male,47,Mumbai,West,Store C,Clothing,T-Shirt,7,1234.47,0.097,7803.08,4885.99,2917.09,Cash,3.4,7.0
ORD100379,2024-05-18,CUST1316,Female,40,Pune,West,Online,Clothing,Shoes,7,1318.93,0.152,7829.17,4785.9,3043.27,Debit Card,3.6,4.0
ORD100380,2024-05-18,CUST1011,Female,26,Pune,West,Online,Beauty,Shampoo,5,1200.08,0.189,4866.32,3121.04,1745.29,UPI,3.8,1.0
ORD100381,2024-05-18,CUST1049,Female,59,Guntur,South,Store D,Clothing,Jeans,4,1752.44,0.225,5432.56,3346.71,2085.85,Debit Card,3.5,2.0
ORD100382,2024-05-19,CUST1573,Male,37,Chennai,South,Store B,Beauty,Face Wash,6,705.77,0.229,3264.89,2121.06,1143.84,Debit Card,3.7,1.0
ORD100383,2024-05-19,CUST1171,Female,33,Mumbai,West,Store B,Electronics,Smartwatch,2,26158.44,0.194,42167.41,31956.53,10210.88,Cash,3.9,1.0
ORD100384,2024-05-19,CUST1143,Female,46,Vijayawada,South,Store B,Grocery,Juice,3,644.92,0.057,1824.48,1567.39,257.09,UPI,4.2,3.0
ORD100385,2024-05-20,CUST1207,Female,38,Visakhapatnam,South,Store B,Beauty,Perfume,4,805.08,0.006,3201.0,2066.55,1134.45,Credit Card,4.5,2.0
ORD100386,2024-05-20,CUST1463,Male,39,Vijayawada,South,Store B,Electronics,Laptop,2,33907.38,0.096,61304.54,48358.43,12946.11,Net Banking,3.7,5.0
ORD100387,2024-05-20,CUST1509,Male,62,Chennai,South,Store D,Clothing,Dress,4,1019.91,0.035,3936.85,2479.88,1456.97,Debit Card,4.7,7.0
ORD100388,2024-05-21,CUST1201,Female,32,Chennai,South,Store D,Clothing,Jacket,5,2858.66,0.178,11749.09,7272.82,4476.27,Cash,4.5,1.0
ORD100389,2024-05-21,CUST1005,Male,32,Bengaluru,South,Store C,Electronics,Smartphone,2,22121.18,0.165,36942.37,28077.82,8864.55,Cash,4.3,2.0
ORD100390,2024-05-22,CUST1211,Female,36,Bengaluru,South,Store D,Clothing,Jeans,5,1872.81,0.011,9261.05,5687.6,3573.44,Net Banking,4.1,1.0
ORD100391,2024-05-22,CUST1029,Male,47,Vijayawada,South,Store A,Electronics,Headphones,1,11755.76,0.209,9298.81,6946.25,2352.56,Net Banking,4.2,4.0
ORD100392,2024-05-22,CUST1190,Male,18,Visakhapatnam,South,Store A,Beauty,Face Wash,2,1178.25,0.062,2210.4,1400.58,809.82,UPI,4.7,4.0
ORD100393,2024-05-23,CUST1188,Female,18,Vijayawada,South,Store A,Beauty,Shampoo,4,1279.97,0.108,4566.93,2882.21,1684.72,Debit Card,4.7,2.0
ORD100394,2024-05-23,CUST1150,Female,29,Chennai,South,Store C,Electronics,Tablet,1,24396.87,0.167,20322.59,15626.82,4695.78,Debit Card,4.7,7.0
ORD100395,2024-05-23,CUST1525,Female,18,Chennai,South,Store B,Beauty,Perfume,5,1002.92,0.107,4478.04,2810.68,1667.35,Net Banking,4.0,3.0
ORD100396,2024-05-24,CUST1366,Male,30,Guntur,South,Store B,Beauty,Perfume,5,868.7,0.11,3865.72,2533.43,1332.29,Credit Card,4.3,5.0
ORD100397,2024-05-24,CUST1157,Female,41,Bengaluru,South,Store C,Beauty,Shampoo,4,1595.68,0.016,6280.6,4073.99,2206.6,Debit Card,4.7,4.0
ORD100398,2024-05-24,CUST1080,Male,25,Mumbai,West,Online,Home & Kitchen,Mixer,1,3530.81,0.1,3177.73,2161.65,1016.08,Cash,3.7,3.0
ORD100399,2024-05-25,CUST1273,Male,19,Mumbai,West,Store A,Grocery,Juice,7,731.11,0.191,4140.28,3560.66,579.62,Net Banking,3.8,5.0
ORD100400,2024-05-25,CUST1518,Female,36,Mumbai,West,Store D,Clothing,T-Shirt,6,1536.76,0.229,7109.05,4363.4,2745.65,Debit Card,4.0,4.0
ORD100401,2024-05-26,CUST1232,Male,44,Guntur,South,Store D,Home & Kitchen,Chair,3,3065.21,0.103,8248.48,5636.23,2612.25,UPI,4.5,5.0
ORD100402,2024-05-26,CUST1160,Female,18,Hyderabad,South,Online,Beauty,Moisturizer,4,1485.46,0.106,5312.0,3466.27,1845.74,Net Banking,4.5,6.0
ORD100403,2024-05-26,CUST1344,Male,44,Mumbai,West,Online,Electronics,Smartphone,5,13639.18,0.176,56193.42,42166.47,14026.96,Cash,3.9,1.0
ORD100404,2024-05-27,CUST1289,Female,44,Chennai,South,Store A,Beauty,Shampoo,2,775.29,0.236,1184.64,737.25,447.4,UPI,3.2,2.0
ORD100405,2024-05-27,CUST1205,Male,45,Guntur,South,Store A,Grocery,Cooking Oil,1,664.62,0.067,620.09,540.03,80.06,Net Banking,4.1,4.0
ORD100406,2024-05-27,CUST1305,Male,48,Vijayawada,South,Online,Beauty,Moisturizer,6,789.82,0.11,4217.64,2715.05,1502.59,Net Banking,,4.0
ORD100407,2024-05-28,CUST1360,Female,59,Bengaluru,South,Store C,Electronics,Laptop,3,12266.64,0.199,29476.74,21950.61,7526.13,Debit Card,3.2,1.0
ORD100408,2024-05-28,CUST1400,Male,31,Bengaluru,South,Store D,Grocery,Rice,2,780.28,0.152,1323.35,1123.06,200.29,UPI,3.3,4.0
ORD100409,2024-05-28,CUST1449,Female,36,Visakhapatnam,South,Store D,Beauty,Shampoo,1,712.16,0.028,692.22,436.17,256.05,Net Banking,4.2,4.0
ORD100410,2024-05-29,CUST1106,Male,30,Vijayawada,South,Store D,Grocery,Juice,6,527.62,0.157,2668.7,2265.15,403.55,Cash,4.7,6.0
ORD100411,2024-05-29,CUST1082,Male,35,Visakhapatnam,South,Online,Clothing,T-Shirt,4,1834.54,0.047,6993.27,4310.56,2682.7,UPI,4.0,4.0
ORD100412,2024-05-30,CUST1342,Male,52,Guntur,South,Online,Clothing,Dress,6,394.69,0.128,2065.02,1274.17,790.85,Debit Card,4.1,4.0
ORD100413,2024-05-30,CUST1421,Female,20,Pune,West,Online,Beauty,Perfume,4,1106.44,0.132,3841.56,2429.8,1411.76,Credit Card,4.7,4.0
ORD100414,2024-05-30,CUST1049,Female,26,Mumbai,West,Store B,Grocery,Snacks,7,567.26,0.219,3101.21,2630.64,470.57,Net Banking,3.2,3.0
ORD100415,2024-05-31,CUST1206,Female,50,Hyderabad,South,Online,Electronics,Headphones,1,27480.17,0.116,24292.47,18386.25,5906.22,Credit Card,4.3,4.0
ORD100416,2024-05-31,CUST1218,Female,46,Vijayawada,South,Store A,Beauty,Lip Balm,6,1516.23,0.07,8460.56,5431.1,3029.46,Net Banking,4.0,1.0
ORD100417,2024-05-31,CUST1436,Female,31,Vijayawada,South,Store B,Clothing,Jeans,3,1606.25,0.058,4539.26,2798.32,1740.94,Debit Card,4.3,6.0
ORD100418,2024-06-01,CUST1322,Male,44,Vijayawada,South,Online,Clothing,Dress,6,2156.25,0.219,10104.19,6395.25,3708.94,Debit Card,3.7,4.0
ORD100419,2024-06-01,CUST1231,Male,39,Visakhapatnam,South,Store B,Beauty,Lip Balm,1,958.73,0.043,917.5,592.57,324.93,Debit Card,3.6,5.0
ORD100420,2024-06-02,CUST1487,Female,52,Guntur,South,Store B,Grocery,Coffee,2,288.43,0.106,515.71,430.81,84.9,Debit Card,4.1,6.0
ORD100421,2024-06-02,CUST1429,Male,36,Vijayawada,South,Store A,Clothing,Dress,2,1151.14,0.047,2194.07,1373.15,820.92,UPI,4.9,6.0
ORD100422,2024-06-02,CUST1284,Male,46,Pune,West,Online,Grocery,Cooking Oil,6,280.68,0.193,1359.05,1181.52,177.53,UPI,4.5,5.0
ORD100423,2024-06-03,CUST1486,Male,64,Vijayawada,South,Store C,Clothing,Jacket,6,2304.79,0.119,12183.12,7494.43,4688.69,Net Banking,3.7,1.0
ORD100424,2024-06-03,CUST1276,Male,42,Bengaluru,South,Store D,Clothing,Jeans,4,1042.71,0.088,3803.81,2294.89,1508.92,UPI,3.3,3.0
ORD100425,2024-06-03,CUST1433,Female,36,Mumbai,West,Store B,Home & Kitchen,Lamp,1,3774.04,0.09,3434.38,2335.72,1098.66,Net Banking,3.1,7.0
ORD100426,2024-06-04,CUST1185,Male,43,Hyderabad,South,Online,Clothing,Shoes,4,1667.04,0.213,5247.84,3253.21,1994.63,UPI,4.7,7.0
ORD100427,2024-06-04,CUST1216,Female,31,Mumbai,West,Online,Electronics,Tablet,3,24281.46,0.138,62791.86,46758.32,16033.53,UPI,3.5,1.0
ORD100428,2024-06-04,CUST1097,Female,61,Bengaluru,South,Store B,Beauty,Shampoo,7,1677.26,0.179,9639.21,6007.95,3631.27,UPI,3.8,3.0
ORD100429,2024-06-05,CUST1119,Male,37,Bengaluru,South,Store C,Beauty,Moisturizer,2,1046.55,0.224,1624.25,1037.88,586.37,Cash,4.7,2.0
ORD100430,2024-06-05,CUST1365,Female,32,Hyderabad,South,Store B,Grocery,Coffee,5,591.74,0.225,2292.99,1963.7,329.29,Debit Card,3.1,5.0
ORD100431,2024-06-06,CUST1403,Male,26,Pune,West,Online,Clothing,T-Shirt,5,1818.78,0.082,8348.2,5137.01,3211.19,Cash,4.8,6.0
ORD100432,2024-06-06,CUST1397,Male,47,Guntur,South,Store D,Electronics,Tablet,1,23935.87,0.238,18239.13,13840.93,4398.2,UPI,3.9,6.0
ORD100433,2024-06-06,CUST1458,Male,45,Bengaluru,South,Online,Grocery,Coffee,1,845.0,0.006,839.93,708.0,131.93,UPI,3.4,6.0
ORD100434,2024-06-07,CUST1318,Female,30,Guntur,South,Store B,Home & Kitchen,Mixer,5,2058.66,0.094,9325.73,6291.86,3033.87,Cash,3.9,5.0
ORD100435,2024-06-07,CUST1382,Female,41,Bengaluru,South,Online,Grocery,Coffee,1,693.37,0.224,538.06,467.17,70.89,Net Banking,3.6,5.0
ORD100436,2024-06-07,CUST1142,Female,18,Chennai,South,Online,Grocery,Juice,2,598.46,0.069,1114.33,952.29,162.04,Debit Card,4.2,7.0
ORD100437,2024-06-08,CUST1457,Male,37,Hyderabad,South,Store D,Clothing,Jacket,3,1560.24,0.068,4362.43,2623.31,1739.12,Net Banking,3.6,7.0
ORD100438,2024-06-08,CUST1501,Male,40,Bengaluru,South,Online,Home & Kitchen,Lamp,3,5129.32,0.076,14218.48,9586.3,4632.18,Debit Card,2.9,7.0
ORD100439,2024-06-08,CUST1323,Male,54,Chennai,South,Store C,Grocery,Cooking Oil,4,222.78,0.153,754.78,636.61,118.17,Credit Card,3.9,3.0
ORD100440,2024-06-09,CUST1268,Female,27,Mumbai,West,Store A,Electronics,Smartwatch,2,21347.63,0.11,37998.78,29017.94,8980.84,Debit Card,3.3,6.0
ORD100441,2024-06-09,CUST1487,Male,21,Visakhapatnam,South,Store D,Electronics,Smartwatch,7,16540.62,0.182,94711.59,72393.91,22317.68,Net Banking,4.1,1.0
ORD100442,2024-06-10,CUST1160,Male,25,Chennai,South,Online,Beauty,Shampoo,1,1344.23,0.224,1043.12,647.67,395.46,Debit Card,3.3,3.0
ORD100443,2024-06-10,CUST1014,Female,20,Vijayawada,South,Store D,Home & Kitchen,Cookware Set,1,2386.94,0.169,1983.55,1367.24,616.31,Credit Card,3.7,6.0
ORD100444,2024-06-10,CUST1155,Female,50,Bengaluru,South,Store B,Home & Kitchen,Bedsheet,7,3933.06,0.051,26127.32,17410.9,8716.42,Credit Card,4.1,5.0
ORD100445,2024-06-11,CUST1101,Female,52,Chennai,South,Store C,Beauty,Moisturizer,4,1134.75,0.233,3481.41,2290.64,1190.78,UPI,3.9,5.0
ORD100446,2024-06-11,CUST1572,Male,39,Guntur,South,Store B,Grocery,Coffee,4,428.1,0.066,1599.38,1374.26,225.12,Credit Card,4.1,5.0
ORD100447,2024-06-11,CUST1043,Male,48,Visakhapatnam,South,Store C,Home & Kitchen,Bedsheet,1,3888.65,0.037,3744.77,2489.31,1255.46,Cash,4.4,6.0
ORD100448,2024-06-12,CUST1193,Male,36,Pune,West,Store D,Electronics,Laptop,1,23119.65,0.022,22611.02,16831.14,5779.88,Net Banking,3.4,7.0
ORD100449,2024-06-12,CUST1311,Female,34,Bengaluru,South,Online,Electronics,Headphones,7,17379.56,0.141,104503.29,79920.14,24583.15,Cash,4.0,5.0
ORD100450,2024-06-12,CUST1465,Female,31,Vijayawada,South,Store B,Clothing,Shoes,2,3200.69,0.028,6222.14,3830.56,2391.59,Cash,2.2,2.0
ORD100451,2024-06-13,CUST1163,Female,32,Pune,West,Store C,Home & Kitchen,Chair,7,3012.83,0.035,20351.67,13815.06,6536.61,Net Banking,4.1,5.0
ORD100452,2024-06-13,CUST1351,Female,18,Chennai,South,Store B,Grocery,Cooking Oil,4,167.36,0.075,619.23,548.0,71.23,Cash,3.8,6.0
ORD100453,2024-06-14,CUST1234,Male,38,Pune,West,Store B,Beauty,Lip Balm,7,905.27,0.07,5893.31,3724.24,2169.06,Cash,3.5,7.0
ORD100454,2024-06-14,CUST1403,Male,35,Pune,West,Online,Beauty,Moisturizer,7,756.45,0.151,4495.58,2880.28,1615.3,Cash,4.2,3.0
ORD100455,2024-06-14,CUST1351,Male,43,Visakhapatnam,South,Online,Grocery,Snacks,7,623.92,0.204,3476.48,3066.18,410.3,Credit Card,4.6,5.0
ORD100456,2024-06-15,CUST1167,Male,36,Mumbai,West,Store C,Clothing,Shoes,2,1960.83,0.19,3176.54,1979.05,1197.5,Net Banking,3.7,7.0
ORD100457,2024-06-15,CUST1148,Male,33,Pune,West,Online,Beauty,Moisturizer,6,1339.55,0.066,7506.84,4665.44,2841.4,Net Banking,3.5,7.0
ORD100458,2024-06-15,CUST1028,Male,25,Pune,West,Online,Home & Kitchen,Mixer,1,3129.98,0.061,2939.05,2016.74,922.32,Net Banking,4.1,4.0
ORD100459,2024-06-16,CUST1259,Male,36,Bengaluru,South,Online,Clothing,T-Shirt,5,1660.32,0.241,6300.91,3824.79,2476.13,Cash,3.3,2.0
ORD100460,2024-06-16,CUST1598,Male,43,Mumbai,West,Store B,Home & Kitchen,Cookware Set,7,3129.07,0.002,21859.68,15240.99,6618.69,Credit Card,3.6,6.0
ORD100461,2024-06-16,CUST1442,Female,22,Visakhapatnam,South,Online,Electronics,Smartwatch,5,24431.65,0.22,95283.44,71342.82,23940.61,Net Banking,4.7,5.0
ORD100462,2024-06-17,CUST1527,Female,36,Vijayawada,South,Store C,Clothing,T-Shirt,6,2217.67,0.05,12640.72,8256.16,4384.56,Debit Card,4.0,4.0
ORD100463,2024-06-17,CUST1211,Male,38,Chennai,South,Store B,Beauty,Perfume,1,1317.63,0.237,1005.35,660.42,344.93,Net Banking,3.0,6.0
ORD100464,2024-06-18,CUST1543,Female,27,Visakhapatnam,South,Store A,Clothing,Dress,4,2050.06,0.086,7495.02,4580.28,2914.74,UPI,3.0,3.0
ORD100465,2024-06-18,CUST1445,Male,29,Visakhapatnam,South,Store C,Clothing,Jacket,5,2049.78,0.11,9121.52,5657.38,3464.14,Debit Card,4.1,2.0
ORD100466,2024-06-18,CUST1453,Male,38,Hyderabad,South,Store A,Clothing,Jacket,4,2242.22,0.177,7381.39,4638.54,2742.85,Net Banking,4.5,7.0
ORD100467,2024-06-19,CUST1404,Female,23,Visakhapatnam,South,Store B,Clothing,T-Shirt,5,1944.08,0.147,8291.5,5213.25,3078.26,Cash,3.1,5.0
ORD100468,2024-06-19,CUST1066,Male,39,Mumbai,West,Store B,Home & Kitchen,Chair,4,3858.85,0.079,14216.0,9743.85,4472.15,Net Banking,4.2,3.0
ORD100469,2024-06-19,CUST1405,Male,25,Hyderabad,South,Online,Electronics,Tablet,7,33321.64,0.138,201062.78,156251.82,44810.95,Credit Card,4.7,6.0
ORD100470,2024-06-20,CUST1575,Male,47,Chennai,South,Online,Grocery,Rice,5,400.24,0.183,1634.98,1402.97,232.01,Credit Card,5.0,4.0
ORD100471,2024-06-20,CUST1435,Male,61,Pune,West,Store B,Clothing,T-Shirt,4,1372.13,0.011,5428.15,3343.24,2084.91,Net Banking,4.2,6.0
ORD100472,2024-06-21,CUST1228,Male,26,Bengaluru,South,Online,Beauty,Moisturizer,6,784.93,0.003,4695.45,2986.33,1709.12,Cash,4.3,6.0
ORD100473,2024-06-21,CUST1476,Male,41,Bengaluru,South,Online,Clothing,Dress,2,1891.46,0.115,3347.88,2107.76,1240.13,Cash,2.8,2.0
ORD100474,2024-06-21,CUST1468,Male,27,Chennai,South,Online,Beauty,Perfume,4,551.19,0.033,2132.0,1373.45,758.55,Cash,5.0,5.0
ORD100475,2024-06-22,CUST1101,Female,46,Chennai,South,Store A,Home & Kitchen,Chair,2,3962.15,0.166,6608.87,4517.59,2091.27,Net Banking,3.7,3.0
ORD100476,2024-06-22,CUST1423,Female,21,Mumbai,West,Store D,Beauty,Perfume,2,1161.78,0.054,2198.09,1426.91,771.17,Net Banking,3.5,2.0
ORD100477,2024-06-22,CUST1356,Male,40,Guntur,South,Online,Grocery,Rice,1,670.2,0.108,597.82,495.14,102.68,UPI,3.9,4.0
ORD100478,2024-06-23,CUST1139,Female,25,Pune,West,Store D,Electronics,Smartphone,7,20296.58,0.049,135114.33,103260.01,31854.32,Credit Card,4.8,7.0
ORD100479,2024-06-23,CUST1569,Male,33,Chennai,South,Store B,Beauty,Lip Balm,6,1128.84,0.137,5845.13,3755.6,2089.53,Debit Card,5.0,5.0
ORD100480,2024-06-23,CUST1131,Male,24,Visakhapatnam,South,Store C,Beauty,Face Wash,2,1592.77,0.029,3093.16,2039.09,1054.07,Debit Card,4.1,7.0
ORD100481,2024-06-24,CUST1549,Male,44,Mumbai,West,Store D,Electronics,Smartwatch,3,34681.95,0.006,103421.57,76437.74,26983.84,Credit Card,4.5,2.0
ORD100482,2024-06-24,CUST1468,Male,26,Bengaluru,South,Store C,Grocery,Juice,7,397.98,0.013,2749.64,2430.97,318.67,UPI,4.0,4.0
ORD100483,2024-06-25,CUST1480,Female,41,Vijayawada,South,Store A,Clothing,Jeans,2,1890.89,0.239,2877.93,1786.74,1091.19,Credit Card,3.4,4.0
ORD100484,2024-06-25,CUST1111,Female,31,Mumbai,West,Store B,Beauty,Shampoo,4,1303.05,0.036,5024.56,3244.02,1780.54,UPI,4.8,3.0
ORD100485,2024-06-25,CUST1153,Female,34,Bengaluru,South,Online,Electronics,Headphones,2,27615.57,0.177,45455.23,35588.11,9867.12,UPI,3.7,6.0
ORD100486,2024-06-26,CUST1242,Female,37,Hyderabad,South,Online,Home & Kitchen,Lamp,4,3237.42,0.017,12729.54,8743.46,3986.08,Cash,4.8,4.0
ORD100487,2024-06-26,CUST1279,Male,27,Mumbai,West,Store A,Electronics,Headphones,4,33969.68,0.027,132209.99,101203.72,31006.28,Credit Card,4.7,4.0
ORD100488,2024-06-26,CUST1363,Female,37,Bengaluru,South,Online,Home & Kitchen,Mixer,3,1610.3,0.127,4217.38,2880.32,1337.05,Debit Card,4.3,6.0
ORD100489,2024-06-27,CUST1408,Male,52,Guntur,South,Store B,Grocery,Juice,2,436.83,0.116,772.32,658.41,113.9,Net Banking,5.0,1.0
ORD100490,2024-06-27,CUST1175,Male,26,Mumbai,West,Store D,Clothing,T-Shirt,2,2023.97,0.238,3084.53,1911.43,1173.1,Net Banking,5.0,4.0
ORD100491,2024-06-27,CUST1135,Female,48,Mumbai,West,Online,Electronics,Headphones,5,28200.57,0.236,107726.18,80817.45,26908.73,Credit Card,3.9,5.0
ORD100492,2024-06-28,CUST1506,Male,51,Pune,West,Online,Beauty,Lip Balm,7,1673.47,0.195,9430.0,6030.36,3399.64,Net Banking,3.6,7.0
ORD100493,2024-06-28,CUST1294,Female,26,Chennai,South,Online,Grocery,Snacks,5,679.73,0.151,2885.45,2377.15,508.3,UPI,3.0,7.0
ORD100494,2024-06-29,CUST1495,Female,19,Pune,West,Store B,Electronics,Tablet,1,23001.21,0.114,20379.07,15607.7,4771.37,Net Banking,5.0,2.0
ORD100495,2024-06-29,CUST1419,Female,38,Mumbai,West,Online,Beauty,Perfume,4,1654.95,0.089,6030.64,3851.15,2179.49,UPI,3.8,6.0
ORD100496,2024-06-29,CUST1206,Female,29,Chennai,South,Store A,Electronics,Smartphone,3,20001.71,0.237,45783.91,34585.2,11198.71,UPI,4.6,6.0
ORD100497,2024-06-30,CUST1318,Female,56,Bengaluru,South,Store D,Home & Kitchen,Bedsheet,5,4430.89,0.151,18809.13,12840.8,5968.33,Debit Card,3.6,6.0
ORD100498,2024-06-30,CUST1073,Male,35,Vijayawada,South,Online,Electronics,Smartphone,2,37673.66,0.145,64421.96,47697.3,16724.66,Net Banking,4.8,5.0
ORD100499,2024-06-30,CUST1259,Female,26,Vijayawada,South,Store D,Electronics,Headphones,1,33504.61,0.058,31561.34,24819.6,6741.74,Debit Card,3.6,6.0
ORD100500,2024-07-01,CUST1358,Female,22,Mumbai,West,Store B,Electronics,Tablet,3,25740.39,0.012,76294.52,57876.57,18417.94,Net Banking,3.3,5.0
ORD100501,2024-07-01,CUST1148,Male,47,Guntur,South,Online,Grocery,Juice,6,450.23,0.236,2063.85,1770.26,293.6,UPI,3.9,7.0
ORD100502,2024-07-01,CUST1225,Female,29,Hyderabad,South,Store A,Electronics,Tablet,2,14299.86,0.078,26368.94,19692.15,6676.79,Net Banking,3.7,3.0
ORD100503,2024-07-02,CUST1105,Female,35,Bengaluru,South,Store A,Beauty,Moisturizer,2,1308.69,0.111,2326.85,1489.83,837.02,Debit Card,4.3,1.0
ORD100504,2024-07-02,CUST1556,Male,46,Chennai,South,Store D,Home & Kitchen,Mixer,6,2384.78,0.029,13893.73,9683.6,4210.13,Cash,4.0,6.0
ORD100505,2024-07-03,CUST1356,Male,30,Mumbai,West,Store C,Home & Kitchen,Lamp,4,2706.87,0.209,8564.54,5932.48,2632.06,Debit Card,4.3,7.0
ORD100506,2024-07-03,CUST1538,Female,34,Bengaluru,South,Online,Electronics,Smartphone,4,16664.78,0.007,66192.51,51080.01,15112.5,Cash,3.8,1.0
ORD100507,2024-07-03,CUST1261,Male,35,Mumbai,West,Store C,Grocery,Juice,5,430.94,0.208,1706.52,1482.04,224.48,Credit Card,3.6,7.0
ORD100508,2024-07-04,CUST1571,Female,43,Guntur,South,Store A,Grocery,Coffee,5,495.8,0.035,2392.24,2044.04,348.19,Debit Card,3.7,6.0
ORD100509,2024-07-04,CUST1573,Male,41,Visakhapatnam,South,Online,Beauty,Shampoo,2,1295.77,0.222,2016.22,1256.7,759.52,Net Banking,5.0,5.0
ORD100510,2024-07-04,CUST1070,Female,33,Visakhapatnam,South,Store D,Electronics,Smartwatch,7,20796.45,0.182,119080.47,90173.66,28906.81,Cash,4.1,7.0
ORD100511,2024-07-05,CUST1447,Female,36,Guntur,South,Store B,Home & Kitchen,Cookware Set,2,4569.28,0.041,8763.88,5934.14,2829.74,Net Banking,2.9,2.0
ORD100512,2024-07-05,CUST1447,Female,31,Chennai,South,Online,Grocery,Snacks,5,468.77,0.141,2013.37,1764.18,249.18,Cash,3.7,1.0
ORD100513,2024-07-05,CUST1257,Male,19,Pune,West,Store C,Electronics,Laptop,6,19485.94,0.078,107796.22,82381.37,25414.85,Debit Card,4.1,1.0
ORD100514,2024-07-06,CUST1531,Female,38,Guntur,South,Store D,Grocery,Rice,5,533.94,0.045,2549.56,2256.26,293.31,Debit Card,5.0,5.0
ORD100515,2024-07-06,CUST1119,Male,56,Mumbai,West,Store C,Grocery,Coffee,2,794.53,0.215,1247.41,1095.9,151.51,Net Banking,4.6,1.0
ORD100516,2024-07-07,CUST1066,Female,25,Chennai,South,Online,Home & Kitchen,Mixer,3,3835.16,0.101,10343.43,6975.74,3367.69,Debit Card,3.5,3.0
ORD100517,2024-07-07,CUST1245,Female,26,Vijayawada,South,Online,Clothing,Dress,2,1618.57,0.1,2913.43,1747.96,1165.47,Net Banking,5.0,5.0
ORD100518,2024-07-07,CUST1057,Female,25,Guntur,South,Store D,Beauty,Moisturizer,3,665.39,0.042,1912.33,1254.42,657.91,UPI,4.0,1.0
ORD100519,2024-07-08,CUST1044,Female,43,Chennai,South,Store A,Beauty,Moisturizer,3,1123.21,0.096,3046.15,1997.24,1048.91,Cash,4.7,1.0
ORD100520,2024-07-08,CUST1524,Female,40,Guntur,South,Online,Home & Kitchen,Mixer,2,3734.93,0.218,5841.43,3874.49,1966.94,Net Banking,3.4,1.0
ORD100521,2024-07-08,CUST1424,Male,33,Guntur,South,Store D,Grocery,Coffee,7,441.86,0.091,2811.56,2483.62,327.93,Cash,2.7,5.0
ORD100522,2024-07-09,CUST1536,Male,25,Pune,West,Store D,Electronics,Laptop,7,13342.31,0.238,71167.88,54459.61,16708.27,UPI,3.2,2.0
ORD100523,2024-07-09,CUST1395,Male,36,Pune,West,Store C,Grocery,Coffee,1,372.42,0.237,284.16,245.08,39.08,Cash,2.2,4.0
ORD100524,2024-07-09,CUST1450,Female,18,Mumbai,West,Online,Home & Kitchen,Lamp,5,4954.54,0.036,23880.88,16711.0,7169.88,Net Banking,5.0,7.0
ORD100525,2024-07-10,CUST1257,Female,37,Chennai,South,Online,Beauty,Moisturizer,7,1701.9,0.044,11389.11,7465.46,3923.66,Debit Card,4.1,6.0
ORD100526,2024-07-10,CUST1361,Male,45,Chennai,South,Store A,Grocery,Cooking Oil,4,367.0,0.216,1150.91,1001.39,149.52,Cash,3.5,7.0
ORD100527,2024-07-11,CUST1380,Female,21,Hyderabad,South,Store C,Beauty,Moisturizer,2,1435.46,0.098,2589.57,1671.44,918.13,Cash,4.2,1.0
ORD100528,2024-07-11,CUST1443,Female,18,Guntur,South,Online,Electronics,Headphones,3,16749.99,0.001,50199.72,38575.09,11624.64,UPI,4.1,7.0
ORD100529,2024-07-11,CUST1534,Female,52,Visakhapatnam,South,Store A,Beauty,Moisturizer,2,1691.51,0.068,3152.97,2003.37,1149.6,Credit Card,4.3,4.0
ORD100530,2024-07-12,CUST1474,Male,28,Guntur,South,Online,Beauty,Shampoo,5,1285.83,0.149,5471.21,3498.1,1973.11,Debit Card,4.7,4.0
ORD100531,2024-07-12,CUST1157,Male,47,Guntur,South,Store D,Clothing,Jeans,6,2274.82,0.2,10919.14,6659.91,4259.23,Net Banking,3.8,1.0
ORD100532,2024-07-12,CUST1089,Male,33,Chennai,South,Store D,Clothing,T-Shirt,7,942.45,0.033,6379.44,3931.54,2447.9,UPI,3.5,1.0
ORD100533,2024-07-13,CUST1202,Male,33,Guntur,South,Store B,Clothing,Shoes,7,2138.82,0.028,14552.53,8963.03,5589.51,Net Banking,4.5,6.0
ORD100534,2024-07-13,CUST1462,Male,40,Bengaluru,South,Store B,Beauty,Moisturizer,7,1197.31,0.231,6445.12,4077.71,2367.41,Net Banking,4.4,4.0
ORD100535,2024-07-14,CUST1481,Female,25,Guntur,South,Online,Home & Kitchen,Mixer,3,4351.93,0.188,10601.3,7226.63,3374.67,Cash,4.1,2.0
ORD100536,2024-07-14,CUST1557,Female,36,Bengaluru,South,Store B,Beauty,Lip Balm,4,1520.2,0.147,5186.92,3300.27,1886.65,UPI,5.0,4.0
ORD100537,2024-07-14,CUST1454,Female,31,Pune,West,Online,Home & Kitchen,Chair,4,3565.78,0.192,11524.6,7907.57,3617.03,UPI,3.8,2.0
ORD100538,2024-07-15,CUST1470,Female,20,Visakhapatnam,South,Store C,Home & Kitchen,Bedsheet,7,2899.17,0.107,18122.71,11963.58,6159.13,Debit Card,3.5,7.0
ORD100539,2024-07-15,CUST1380,Male,39,Mumbai,West,Store A,Clothing,Dress,4,2189.85,0.19,7095.11,4390.0,2705.12,Credit Card,4.2,3.0
ORD100540,2024-07-15,CUST1401,Male,32,Chennai,South,Store A,Grocery,Cooking Oil,6,490.98,0.093,2671.91,2303.29,368.63,Net Banking,3.6,2.0
ORD100541,2024-07-16,CUST1079,Female,33,Guntur,South,Store D,Electronics,Smartphone,7,18890.51,0.061,124167.32,93839.53,30327.79,Debit Card,4.3,6.0
ORD100542,2024-07-16,CUST1551,Male,22,Bengaluru,South,Online,Clothing,Jacket,1,1339.92,0.182,1096.05,677.45,418.61,Debit Card,3.5,5.0
ORD100543,2024-07-16,CUST1386,Female,53,Bengaluru,South,Store C,Clothing,T-Shirt,3,1061.42,0.105,2849.91,1716.53,1133.39,Net Banking,3.8,7.0
ORD100544,2024-07-17,CUST1343,Female,45,Pune,West,Store B,Grocery,Juice,6,423.46,0.245,1918.27,1660.3,257.97,Cash,5.0,1.0
ORD100545,2024-07-17,CUST1445,Female,46,Bengaluru,South,Store B,Electronics,Smartwatch,3,32718.84,0.087,89616.9,68902.78,20714.12,Cash,3.8,3.0
ORD100546,2024-07-18,CUST1052,Female,32,Mumbai,West,Store C,Beauty,Shampoo,7,1262.24,0.23,6803.47,4392.9,2410.57,Net Banking,3.6,4.0
ORD100547,2024-07-18,CUST1251,Male,18,Vijayawada,South,Store C,Beauty,Face Wash,6,1014.58,0.233,4669.1,3044.09,1625.0,UPI,4.6,2.0
ORD100548,2024-07-18,CUST1329,Female,56,Hyderabad,South,Online,Clothing,Jacket,7,2202.43,0.06,14491.99,9017.63,5474.36,Credit Card,3.4,3.0
ORD100549,2024-07-19,CUST1494,Male,34,Mumbai,West,Store C,Electronics,Smartphone,6,19172.66,0.2,92028.77,70544.5,21484.27,Cash,3.6,7.0
ORD100550,2024-07-19,CUST1350,Female,27,Visakhapatnam,South,Store C,Clothing,Jacket,7,1847.68,0.108,11536.91,7172.98,4363.93,Credit Card,4.3,5.0
ORD100551,2024-07-19,CUST1459,Female,40,Mumbai,West,Store A,Home & Kitchen,Chair,1,3320.37,0.229,2560.01,1762.35,797.66,Debit Card,4.5,
ORD100552,2024-07-20,CUST1498,Female,48,Pune,West,Online,Clothing,Shoes,3,2189.57,0.113,5826.45,3509.84,2316.61,Debit Card,4.7,6.0
ORD100553,2024-07-20,CUST1125,Female,35,Pune,West,Store B,Clothing,Jeans,6,1011.39,0.186,4939.63,3013.31,1926.32,Net Banking,3.6,4.0
ORD100554,2024-07-20,CUST1204,Male,49,Mumbai,West,Store A,Beauty,Shampoo,1,902.43,0.117,796.85,524.55,272.3,Net Banking,4.3,4.0
ORD100555,2024-07-21,CUST1021,Female,47,Guntur,South,Store D,Beauty,Moisturizer,2,626.61,0.057,1181.79,722.85,458.94,Net Banking,3.7,2.0
ORD100556,2024-07-21,CUST1590,Male,23,Vijayawada,South,Store D,Beauty,Face Wash,7,1109.14,0.05,7375.78,4708.59,2667.19,Cash,3.7,5.0
ORD100557,2024-07-22,CUST1563,Female,28,Guntur,South,Store C,Home & Kitchen,Lamp,5,4711.43,0.106,21060.09,14623.05,6437.05,Credit Card,4.7,1.0
ORD100558,2024-07-22,CUST1362,Female,46,Guntur,South,Store C,Beauty,Shampoo,6,1023.09,0.189,4978.36,3180.8,1797.56,Debit Card,3.7,1.0
ORD100559,2024-07-22,CUST1361,Female,18,Mumbai,West,Online,Electronics,Tablet,4,21425.21,0.151,72760.01,54894.48,17865.53,Credit Card,,4.0
ORD100560,2024-07-23,CUST1116,Male,33,Chennai,South,Store B,Grocery,Cooking Oil,1,630.76,0.172,522.27,450.2,72.07,Cash,4.1,7.0
ORD100561,2024-07-23,CUST1055,Female,19,Chennai,South,Online,Electronics,Tablet,1,32479.85,0.071,30173.78,22786.31,7387.47,Credit Card,3.4,7.0
ORD100562,2024-07-23,CUST1292,Female,30,Chennai,South,Store D,Electronics,Headphones,6,24380.0,0.12,128726.4,97886.39,30840.01,Credit Card,4.5,5.0
ORD100563,2024-07-24,CUST1051,Female,32,Vijayawada,South,Store C,Beauty,Shampoo,1,1439.65,0.011,1423.81,900.03,523.78,Net Banking,4.3,4.0
ORD100564,2024-07-24,CUST1254,Female,31,Guntur,South,Store C,Grocery,Juice,2,338.46,0.204,538.83,472.64,66.19,Credit Card,2.9,1.0
ORD100565,2024-07-24,CUST1492,Female,29,Hyderabad,South,Store B,Grocery,Rice,1,706.7,0.247,532.15,469.37,62.78,Credit Card,4.2,4.0
ORD100566,2024-07-25,CUST1573,Male,23,Visakhapatnam,South,Online,Grocery,Snacks,5,822.31,0.102,3692.17,3167.64,524.53,Credit Card,3.6,2.0
ORD100567,2024-07-25,CUST1225,Male,60,Chennai,South,Store C,Home & Kitchen,Bedsheet,5,4021.22,,20045.78,13290.94,6754.84,UPI,4.6,7.0
ORD100568,2024-07-26,CUST1469,Female,56,Chennai,South,Store B,Beauty,Face Wash,7,470.48,0.042,3155.04,2000.19,1154.85,Debit Card,3.2,7.0
ORD100569,2024-07-26,CUST1103,Female,22,Pune,West,Store D,Grocery,Juice,7,416.27,0.163,2438.93,2090.53,348.4,Debit Card,3.8,6.0
ORD100570,2024-07-26,CUST1048,Male,52,Guntur,South,Online,Home & Kitchen,Chair,4,4112.83,0.153,13934.27,9561.52,4372.74,Credit Card,4.2,2.0
ORD100571,2024-07-27,CUST1342,Female,31,Guntur,South,Store C,Clothing,T-Shirt,2,1589.26,0.197,2552.35,1553.75,998.61,Net Banking,4.0,6.0
ORD100572,2024-07-27,CUST1233,Male,36,Vijayawada,South,Online,Clothing,Shoes,5,2436.1,0.063,11413.13,6978.17,4434.96,Net Banking,4.4,5.0
ORD100573,2024-07-27,CUST1582,Female,34,Vijayawada,South,Store B,Home & Kitchen,Mixer,6,4088.16,0.191,19843.93,13617.91,6226.02,Net Banking,3.2,1.0
ORD100574,2024-07-28,CUST1559,Female,28,Chennai,South,Store A,Home & Kitchen,Mixer,3,2793.52,0.172,6939.1,4798.34,2140.77,Debit Card,4.9,5.0
ORD100575,2024-07-28,CUST1228,Male,46,Guntur,South,Store B,Beauty,Shampoo,3,1211.29,0.081,3339.53,2113.38,1226.14,Cash,4.3,5.0
ORD100576,2024-07-28,CUST1522,Female,36,Hyderabad,South,Store C,Beauty,Lip Balm,3,887.16,0.136,2299.52,1436.37,863.14,Credit Card,4.7,1.0
ORD100577,2024-07-29,CUST1592,Male,30,Visakhapatnam,South,Store B,Clothing,Dress,7,1708.71,0.037,11518.41,7563.58,3954.84,Debit Card,4.5,3.0
ORD100578,2024-07-29,CUST1013,Male,21,Mumbai,West,Store A,Grocery,Cooking Oil,6,416.81,0.113,2218.26,1934.6,283.66,Net Banking,4.0,3.0
ORD100579,2024-07-30,CUST1499,Male,25,Guntur,South,Online,Clothing,T-Shirt,1,2387.38,0.22,1862.16,1148.99,713.17,Debit Card,3.3,4.0
ORD100580,2024-07-30,CUST1445,Female,18,Pune,West,Online,Grocery,Rice,6,817.4,0.105,4389.44,3833.97,555.47,Debit Card,3.7,3.0
ORD100581,2024-07-30,CUST1340,Male,35,Mumbai,West,Online,Grocery,Rice,1,285.32,0.21,225.4,193.41,31.99,Debit Card,4.9,2.0
ORD100582,2024-07-31,CUST1324,Male,22,Guntur,South,Store A,Beauty,Lip Balm,3,526.87,0.148,1346.68,875.33,471.35,Net Banking,4.8,7.0
ORD100583,2024-07-31,CUST1596,Female,32,Bengaluru,South,Store A,Electronics,Tablet,4,23283.79,0.048,88664.67,67578.48,21086.19,Cash,3.7,6.0
ORD100584,2024-07-31,CUST1598,Female,50,Vijayawada,South,Store A,Electronics,Smartphone,4,14371.09,0.145,49149.13,37414.7,11734.42,UPI,2.4,7.0
ORD100585,2024-08-01,CUST1157,Female,48,Pune,West,Online,Home & Kitchen,Chair,1,3546.21,0.126,3099.39,2103.27,996.11,Credit Card,3.9,5.0
ORD100586,2024-08-01,CUST1575,Female,35,Visakhapatnam,South,Online,Beauty,Shampoo,3,1462.13,0.1,3947.75,2460.74,1487.01,Credit Card,3.8,7.0
ORD100587,2024-08-01,CUST1431,Female,34,Chennai,South,Store C,Grocery,Snacks,6,724.12,0.03,4214.38,3750.8,463.57,Debit Card,3.9,4.0
ORD100588,2024-08-02,CUST1555,Female,56,Pune,West,Store A,Electronics,Laptop,4,26409.76,0.104,94652.58,70716.82,23935.76,Cash,4.3,5.0
ORD100589,2024-08-02,CUST1407,Male,41,Guntur,South,Store C,Grocery,Rice,1,471.03,0.018,462.55,388.06,74.5,Net Banking,4.5,1.0
ORD100590,2024-08-03,CUST1158,Female,31,Chennai,South,Store B,Electronics,Laptop,6,11151.31,0.025,65235.16,49388.76,15846.4,UPI,4.5,7.0
ORD100591,2024-08-03,CUST1185,Male,19,Guntur,South,Store C,Electronics,Smartphone,3,25183.3,0.104,67692.71,50556.1,17136.61,UPI,4.2,3.0
ORD100592,2024-08-03,CUST1491,Female,39,Chennai,South,Store D,Electronics,Smartphone,2,25499.01,0.076,47122.17,35779.51,11342.66,Debit Card,3.0,1.0
ORD100593,2024-08-04,CUST1536,Male,44,Visakhapatnam,South,Store D,Beauty,Face Wash,3,1423.63,0.231,3284.31,2127.98,1156.33,Debit Card,3.8,4.0
ORD100594,2024-08-04,CUST1357,Male,28,Vijayawada,South,Store A,Clothing,Jeans,7,1445.76,0.094,9169.01,5786.63,3382.38,Net Banking,5.0,6.0
ORD100595,2024-08-04,CUST1362,Female,38,Visakhapatnam,South,Store A,Grocery,Juice,3,434.74,0.189,1057.72,922.98,134.74,Net Banking,4.2,2.0
ORD100596,2024-08-05,CUST1224,Female,31,Bengaluru,South,Online,Beauty,Lip Balm,6,682.7,0.133,3551.41,2260.4,1291.01,Net Banking,4.2,3.0
ORD100597,2024-08-05,CUST1204,Male,33,Hyderabad,South,Store B,Beauty,Shampoo,6,398.05,0.176,1967.96,1260.62,707.34,Debit Card,4.2,1.0
ORD100598,2024-08-06,CUST1008,Female,18,Vijayawada,South,Store A,Beauty,Face Wash,5,812.03,0.065,3796.24,2447.43,1348.81,Cash,4.2,6.0
ORD100599,2024-08-06,CUST1472,Female,33,Visakhapatnam,South,Store B,Beauty,Shampoo,5,650.39,0.235,2487.74,1541.78,945.96,Debit Card,2.7,7.0
ORD100600,2024-08-06,CUST1172,Male,46,Bengaluru,South,Store A,Beauty,Shampoo,6,1317.85,0.133,6855.46,4432.55,2422.9,Debit Card,3.9,3.0
ORD100601,2024-08-07,CUST1096,Male,28,Hyderabad,South,Store C,Home & Kitchen,Cookware Set,6,2981.87,0.208,14169.85,9382.74,4787.1,UPI,4.0,5.0
ORD100602,2024-08-07,CUST1306,Male,36,Bengaluru,South,Online,Grocery,Snacks,2,419.26,0.091,762.21,679.58,82.64,Net Banking,4.7,2.0
ORD100603,2024-08-07,CUST1258,Female,27,Guntur,South,Store B,Beauty,Lip Balm,2,855.46,0.025,1668.15,1059.84,608.31,Credit Card,4.0,7.0
ORD100604,2024-08-08,CUST1474,Female,39,Mumbai,West,Store C,Grocery,Coffee,3,50.0,0.168,124.8,106.97,17.83,Net Banking,3.1,6.0
ORD100605,2024-08-08,CUST1300,Female,33,Guntur,South,Store D,Home & Kitchen,Chair,7,5008.31,0.002,34988.05,23462.25,11525.81,Cash,4.2,3.0
ORD100606,2024-08-08,CUST1465,Female,25,Chennai,South,Store C,Home & Kitchen,Bedsheet,4,2499.73,0.119,8809.05,5922.23,2886.82,Cash,3.6,7.0
ORD100607,2024-08-09,CUST1328,Male,50,Vijayawada,South,Online,Grocery,Cooking Oil,7,438.14,0.048,2919.76,2613.78,305.98,Net Banking,3.3,2.0
ORD100608,2024-08-09,CUST1110,Female,45,Guntur,South,Online,Electronics,Headphones,2,14815.75,0.157,24979.35,19305.65,5673.7,Net Banking,3.5,6.0
ORD100609,2024-08-10,CUST1129,Male,28,Pune,West,Store A,Clothing,Jacket,3,2285.97,0.245,5177.72,3120.67,2057.05,Debit Card,4.3,5.0
ORD100610,2024-08-10,CUST1137,Female,40,Bengaluru,South,Online,Electronics,Laptop,7,26004.0,0.116,160912.75,125604.89,35307.86,Credit Card,4.7,5.0
ORD100611,2024-08-10,CUST1539,Female,41,Vijayawada,South,Store C,Electronics,Tablet,1,19215.44,0.204,15295.49,11874.25,3421.24,Debit Card,4.3,1.0
ORD100612,2024-08-11,CUST1164,Male,42,Mumbai,West,Online,Electronics,Smartwatch,5,22254.39,0.127,97140.41,73453.02,23687.4,UPI,4.3,4.0
ORD100613,2024-08-11,CUST1349,Female,18,Pune,West,Store C,Beauty,Shampoo,7,1787.36,0.124,10960.09,7053.18,3906.91,UPI,4.3,1.0
ORD100614,2024-08-11,CUST1463,Female,46,Guntur,South,Online,Home & Kitchen,Chair,4,3427.03,0.233,10514.13,7147.68,3366.44,Cash,4.1,2.0
ORD100615,2024-08-12,CUST1504,Male,29,Chennai,South,Online,Electronics,Smartwatch,3,23727.87,0.222,55380.85,43583.89,11796.96,Cash,4.4,1.0
ORD100616,2024-08-12,CUST1151,Female,31,Visakhapatnam,South,Store B,Home & Kitchen,Lamp,7,2558.62,0.196,14399.91,9651.59,4748.32,Credit Card,2.7,6.0
ORD100617,2024-08-12,CUST1246,Male,64,Chennai,South,Store C,Grocery,Coffee,6,215.81,0.074,1199.04,1033.88,165.16,Cash,4.1,3.0
ORD100618,2024-08-13,CUST1110,Male,38,Pune,West,Online,Clothing,Dress,1,1719.98,0.136,1486.06,914.26,571.8,UPI,3.4,6.0
ORD100619,2024-08-13,CUST1585,Male,31,Hyderabad,South,Online,Grocery,Snacks,5,548.82,0.056,2590.43,2170.31,420.12,Credit Card,4.6,1.0
ORD100620,2024-08-14,CUST1275,Male,18,Guntur,South,Store A,Grocery,Juice,1,664.94,0.111,591.13,528.43,62.7,UPI,3.9,4.0
ORD100621,2024-08-14,CUST1067,Female,50,Pune,West,Store D,Beauty,Face Wash,3,413.03,0.121,1089.16,682.24,406.92,Net Banking,4.0,6.0
ORD100622,2024-08-14,CUST1050,Female,20,Hyderabad,South,Store B,Clothing,Jeans,2,1237.45,0.208,1960.12,1220.09,740.03,Net Banking,3.2,6.0
ORD100623,2024-08-15,CUST1515,Female,24,Hyderabad,South,Store A,Grocery,Coffee,5,412.89,0.224,1602.01,1334.56,267.45,Credit Card,4.6,6.0
ORD100624,2024-08-15,CUST1226,Male,31,Bengaluru,South,Store C,Grocery,Cooking Oil,1,499.48,0.104,447.53,382.11,65.42,Debit Card,4.3,4.0
ORD100625,2024-08-15,CUST1578,Female,51,Vijayawada,South,Store B,Clothing,T-Shirt,2,1727.48,0.004,3441.14,2149.71,1291.43,Cash,4.3,6.0
ORD100626,2024-08-16,CUST1506,Female,44,Bengaluru,South,Online,Clothing,Jeans,4,1739.16,0.215,5460.96,3335.53,2125.43,Credit Card,3.6,2.0
ORD100627,2024-08-16,CUST1155,Female,33,Guntur,South,Store B,Grocery,Rice,3,561.21,0.044,1609.55,1398.83,210.72,Cash,3.6,5.0
ORD100628,2024-08-16,CUST1480,Female,38,Hyderabad,South,Online,Clothing,Jacket,3,1348.35,0.155,3418.07,2108.94,1309.13,UPI,4.1,4.0
ORD100629,2024-08-17,CUST1111,Male,28,Mumbai,West,Store A,Grocery,Coffee,5,640.12,0.006,3181.4,2793.13,388.26,Debit Card,3.6,2.0
ORD100630,2024-08-17,CUST1483,Male,37,Pune,West,Store B,Grocery,Rice,1,565.02,0.1,508.52,448.05,60.47,Cash,4.2,4.0
ORD100631,2024-08-18,CUST1274,Female,36,Visakhapatnam,South,Store B,Beauty,Shampoo,4,1088.06,0.246,3281.59,2078.04,1203.55,Net Banking,2.8,4.0
ORD100632,2024-08-18,CUST1155,Male,46,Hyderabad,South,Store B,Electronics,Smartwatch,6,36206.36,0.025,211807.21,161195.81,50611.39,Net Banking,3.7,5.0
ORD100633,2024-08-18,CUST1167,Female,46,Pune,West,Store A,Grocery,Snacks,5,733.46,0.106,3278.57,2828.88,449.69,UPI,5.0,3.0
ORD100634,2024-08-19,CUST1019,Female,40,Mumbai,West,Store B,Home & Kitchen,Chair,6,4432.9,0.077,24549.4,16879.7,7669.7,Credit Card,4.2,2.0
ORD100635,2024-08-19,CUST1345,Female,31,Visakhapatnam,South,Store D,Electronics,Laptop,5,3870.1,0.226,14977.29,11385.68,3591.6,Cash,4.1,4.0
ORD100636,2024-08-19,CUST1569,Male,43,Bengaluru,South,Store B,Electronics,Headphones,1,36052.62,0.217,28229.2,21527.65,6701.55,UPI,5.0,7.0
ORD100637,2024-08-20,CUST1294,Female,34,Bengaluru,South,Store C,Electronics,Smartphone,4,30563.31,0.059,115040.3,87047.57,27992.73,Net Banking,2.7,4.0
ORD100638,2024-08-20,CUST1462,Male,23,Vijayawada,South,Store C,Beauty,Perfume,1,1902.24,0.02,1864.2,1195.56,668.64,Net Banking,3.6,1.0
ORD100639,2024-08-20,CUST1338,Male,31,Pune,West,Online,Grocery,Snacks,3,685.62,0.157,1733.93,1526.02,207.91,Net Banking,3.8,6.0
ORD100640,2024-08-21,CUST1452,Female,36,Hyderabad,South,Online,Beauty,Lip Balm,6,1752.42,0.084,9631.3,6235.72,3395.58,Debit Card,4.5,3.0
ORD100641,2024-08-21,CUST1344,Male,45,Chennai,South,Store C,Grocery,Snacks,2,631.8,0.168,1051.32,915.54,135.77,Debit Card,4.5,5.0
ORD100642,2024-08-22,CUST1085,Male,33,Bengaluru,South,Store B,Beauty,Perfume,7,1672.04,0.008,11610.65,7527.53,4083.12,Net Banking,3.5,7.0
ORD100643,2024-08-22,CUST1389,Female,22,Bengaluru,South,Store A,Beauty,Moisturizer,3,1897.94,0.033,5505.92,3514.04,1991.89,Credit Card,4.5,2.0
ORD100644,2024-08-22,CUST1227,Male,36,Vijayawada,South,Online,Home & Kitchen,Cookware Set,3,3716.55,0.172,9231.91,6313.73,2918.18,Debit Card,3.8,4.0
ORD100645,2024-08-23,CUST1286,Male,36,Visakhapatnam,South,Store A,Beauty,Moisturizer,6,649.72,0.053,3691.71,2316.54,1375.17,Cash,4.7,6.0
ORD100646,2024-08-23,CUST1284,Female,37,Vijayawada,South,Store B,Clothing,Dress,5,1646.27,0.214,6469.84,4102.91,2366.93,Debit Card,3.4,2.0
ORD100647,2024-08-23,CUST1109,Female,45,Mumbai,West,Store B,Home & Kitchen,Mixer,3,3889.95,0.015,11494.8,7424.91,4069.89,Cash,3.9,5.0
ORD100648,2024-08-24,CUST1135,Male,46,Hyderabad,South,Store B,Beauty,Moisturizer,7,1226.21,0.054,8119.96,5188.62,2931.34,Debit Card,3.7,3.0
ORD100649,2024-08-24,CUST1291,Female,28,Pune,West,Store A,Electronics,Tablet,4,16274.07,0.25,48822.21,37866.87,10955.34,Net Banking,4.6,1.0
ORD100650,2024-08-25,CUST1508,Female,28,Guntur,South,Online,Clothing,Shoes,3,984.47,0.108,2634.44,1593.26,1041.19,Cash,3.7,3.0
ORD100651,2024-08-25,CUST1029,Male,24,Guntur,South,Store A,Clothing,T-Shirt,4,1429.42,0.176,4711.37,2942.07,1769.3,Credit Card,4.0,1.0
ORD100652,2024-08-25,CUST1394,Male,43,Pune,West,Store D,Clothing,Jeans,1,2203.87,0.046,2102.49,1287.57,814.92,Debit Card,4.3,2.0
ORD100653,2024-08-26,CUST1027,Female,51,Visakhapatnam,South,Store A,Home & Kitchen,Cookware Set,5,5080.34,0.152,21540.64,14550.4,6990.24,Debit Card,4.3,3.0
ORD100654,2024-08-26,CUST1467,Male,32,Mumbai,West,Store A,Beauty,Moisturizer,4,1520.8,0.182,4976.06,3238.9,1737.16,Net Banking,4.5,3.0
ORD100655,2024-08-26,CUST1013,Female,32,Bengaluru,South,Online,Beauty,Moisturizer,3,1570.1,0.079,4338.19,2786.34,1551.85,Cash,4.1,3.0
ORD100656,2024-08-27,CUST1554,Female,51,Visakhapatnam,South,Store B,Electronics,Smartwatch,5,24434.29,0.207,96881.96,70934.07,25947.89,Net Banking,3.8,5.0
ORD100657,2024-08-27,CUST1445,Male,41,Bengaluru,South,Online,Electronics,Smartphone,7,12805.42,0.151,76102.61,56821.44,19281.17,Cash,3.8,2.0
ORD100658,2024-08-27,CUST1224,Male,40,Bengaluru,South,Store D,Clothing,Jacket,5,1572.39,0.097,7099.34,4478.87,2620.47,Debit Card,4.0,7.0
ORD100659,2024-08-28,CUST1463,Female,22,Guntur,South,Store A,Electronics,Tablet,4,23188.65,0.139,79861.71,61185.37,18676.34,Debit Card,4.1,1.0
ORD100660,2024-08-28,CUST1021,Female,42,Visakhapatnam,South,Online,Home & Kitchen,Bedsheet,4,3002.95,0.144,10282.1,7211.84,3070.26,Debit Card,3.9,3.0
ORD100661,2024-08-29,CUST1387,Female,25,Mumbai,West,Store B,Beauty,Perfume,2,1219.14,0.041,2338.31,1541.84,796.47,Debit Card,4.0,2.0
ORD100662,2024-08-29,CUST1326,Female,23,Vijayawada,South,Online,Clothing,Jeans,2,2020.71,0.101,3633.24,2238.73,1394.51,UPI,3.2,7.0
ORD100663,2024-08-29,CUST1467,Male,31,Bengaluru,South,Store A,Electronics,Headphones,5,30971.11,0.086,141537.97,112415.73,29122.25,Debit Card,4.4,6.0
ORD100664,2024-08-30,CUST1522,Female,29,Chennai,South,Online,Home & Kitchen,Mixer,6,3221.88,,17398.15,11835.96,5562.2,Debit Card,4.1,5.0
ORD100665,2024-08-30,CUST1225,Male,33,Chennai,South,Store A,Home & Kitchen,Chair,6,1596.24,0.19,7757.73,5183.84,2573.88,Cash,4.6,5.0
ORD100666,2024-08-30,CUST1475,Male,19,Vijayawada,South,Store C,Electronics,Laptop,2,21619.86,0.121,38007.71,28556.4,9451.31,Debit Card,4.0,6.0
ORD100667,2024-08-31,CUST1458,Female,46,Chennai,South,Online,Beauty,Lip Balm,3,1215.3,0.235,2789.11,1712.52,1076.59,Debit Card,3.0,2.0
ORD100668,2024-08-31,CUST1213,Male,47,Hyderabad,South,Online,Electronics,Smartwatch,1,33559.66,0.073,31109.8,24327.37,6782.43,Cash,3.8,1.0
ORD100669,2024-08-31,CUST1481,Male,18,Bengaluru,South,Online,Clothing,Jacket,5,1516.1,0.104,6792.13,4332.0,2460.13,Debit Card,3.9,2.0
ORD100670,2024-09-01,CUST1180,Female,46,Vijayawada,South,Online,Electronics,Tablet,1,28587.81,0.197,22956.01,17127.66,5828.35,Debit Card,4.4,2.0
ORD100671,2024-09-01,CUST1538,Male,26,Visakhapatnam,South,Online,Home & Kitchen,Chair,2,3790.09,0.137,6541.7,4430.11,2111.59,Net Banking,2.9,4.0
ORD100672,2024-09-02,CUST1527,Male,44,Bengaluru,South,Store B,Electronics,Headphones,4,25307.3,0.137,87360.8,66508.47,20852.33,UPI,4.0,7.0
ORD100673,2024-09-02,CUST1022,Female,34,Vijayawada,South,Store B,Beauty,Face Wash,7,1525.69,0.013,10540.99,6629.62,3911.38,Cash,4.3,5.0
ORD100674,2024-09-02,CUST1345,Female,35,Guntur,South,Store B,Grocery,Coffee,5,400.87,0.1,1803.92,1502.36,301.56,Net Banking,,1.0
ORD100675,2024-09-03,CUST1577,Female,33,Mumbai,West,Store C,Electronics,Headphones,2,20973.69,0.068,39094.96,29599.66,9495.29,Credit Card,4.0,4.0
ORD100676,2024-09-03,CUST1021,Female,48,Visakhapatnam,South,Store C,Beauty,Face Wash,3,1195.83,0.25,2690.62,1712.04,978.57,Credit Card,,6.0
ORD100677,2024-09-03,CUST1408,Female,21,Mumbai,West,Store D,Beauty,Lip Balm,7,975.95,0.077,6305.61,4007.38,2298.24,UPI,3.6,2.0
ORD100678,2024-09-04,CUST1487,Female,42,Guntur,South,Store A,Home & Kitchen,Lamp,5,4008.01,0.221,15611.2,10658.17,4953.03,Credit Card,3.8,6.0
ORD100679,2024-09-04,CUST1528,Female,47,Bengaluru,South,Store D,Beauty,Lip Balm,5,950.38,0.169,3948.83,2592.28,1356.55,UPI,3.6,5.0
ORD100680,2024-09-04,CUST1416,Male,43,Visakhapatnam,South,Store A,Beauty,Lip Balm,6,1279.21,0.085,7022.86,4470.11,2552.75,Credit Card,4.4,4.0
ORD100681,2024-09-05,CUST1272,Male,61,Mumbai,West,Store B,Beauty,Shampoo,4,1164.94,0.136,4026.03,2584.57,1441.47,Credit Card,3.6,7.0
ORD100682,2024-09-05,CUST1205,Female,29,Chennai,South,Store C,Beauty,Moisturizer,5,1275.22,0.21,5037.12,3265.93,1771.18,Net Banking,3.5,4.0
ORD100683,2024-09-06,CUST1298,Male,46,Mumbai,West,Online,Clothing,Dress,4,1570.13,0.221,4892.53,3063.62,1828.9,Credit Card,5.0,1.0
ORD100684,2024-09-06,CUST1553,Male,34,Vijayawada,South,Online,Clothing,Jeans,2,1630.46,0.04,3130.48,1919.43,1211.05,UPI,4.5,7.0
ORD100685,2024-09-06,CUST1108,Female,49,Bengaluru,South,Store D,Home & Kitchen,Bedsheet,3,3596.01,0.085,9871.05,6723.96,3147.09,Debit Card,3.0,2.0
ORD100686,2024-09-07,CUST1152,Male,35,Hyderabad,South,Store A,Electronics,Headphones,7,26414.52,0.084,169369.9,129989.76,39380.14,Debit Card,3.6,1.0
ORD100687,2024-09-07,CUST1013,Female,31,Mumbai,West,Store D,Beauty,Lip Balm,7,1198.53,0.011,8297.42,5202.5,3094.93,Debit Card,4.1,4.0
ORD100688,2024-09-07,CUST1079,Male,49,Visakhapatnam,South,Store A,Electronics,Laptop,3,36937.54,0.15,94190.73,73213.06,20977.67,UPI,4.2,7.0
ORD100689,2024-09-08,CUST1554,Female,30,Visakhapatnam,South,Store C,Electronics,Headphones,5,18064.84,0.214,70994.82,55346.44,15648.38,UPI,3.2,4.0
ORD100690,2024-09-08,CUST1169,Male,19,Pune,West,Store C,Home & Kitchen,Mixer,5,3435.8,0.095,15547.0,10434.41,5112.58,Debit Card,4.6,1.0
ORD100691,2024-09-08,CUST1249,Male,29,Mumbai,West,Store A,Beauty,Moisturizer,2,649.23,0.185,1058.24,679.64,378.61,Credit Card,4.5,4.0
ORD100692,2024-09-09,CUST1121,Male,42,Bengaluru,South,Store B,Beauty,Face Wash,6,1330.23,0.157,6728.3,4355.9,2372.41,Debit Card,4.3,7.0
ORD100693,2024-09-09,CUST1387,Female,50,Bengaluru,South,Online,Grocery,Coffee,6,332.71,0.094,1808.61,1540.13,268.48,Cash,4.7,3.0
ORD100694,2024-09-10,CUST1439,Male,36,Guntur,South,Online,Electronics,Smartphone,6,23051.83,0.035,133470.1,102316.64,31153.46,UPI,4.2,5.0
ORD100695,2024-09-10,CUST1272,Male,50,Pune,West,Store B,Electronics,Smartphone,4,22395.55,0.177,73726.15,56196.53,17529.62,Cash,4.2,2.0
ORD100696,2024-09-10,CUST1300,Female,20,Mumbai,West,Store A,Clothing,Shoes,6,1940.45,0.214,9151.16,5523.81,3627.36,Cash,4.9,5.0
ORD100697,2024-09-11,CUST1473,Female,30,Chennai,South,Store A,Grocery,Snacks,3,417.08,0.171,1037.28,899.43,137.85,UPI,4.6,2.0
ORD100698,2024-09-11,CUST1158,Male,32,Guntur,South,Store C,Clothing,Shoes,7,1502.35,0.004,10474.38,6365.52,4108.87,Debit Card,3.5,7.0
ORD100699,2024-09-11,CUST1227,Male,34,Pune,West,Online,Clothing,Dress,7,2517.93,0.054,16673.73,10512.48,6161.25,Net Banking,4.3,4.0
ORD100700,2024-09-12,CUST1421,Male,36,Mumbai,West,Store A,Clothing,Shoes,4,1942.28,0.017,7637.04,4677.76,2959.28,Cash,3.6,7.0
ORD100701,2024-09-12,CUST1024,Male,43,Mumbai,West,Online,Home & Kitchen,Mixer,2,2938.95,0.143,5037.36,3415.46,1621.9,Debit Card,4.3,1.0
ORD100702,2024-09-12,CUST1538,Female,30,Guntur,South,Store A,Home & Kitchen,Chair,3,3249.17,0.189,7905.23,5508.34,2396.89,Net Banking,4.3,1.0
ORD100703,2024-09-13,CUST1570,Male,37,Chennai,South,Online,Clothing,Jeans,7,2622.68,0.028,17844.71,11162.58,6682.14,Cash,3.2,4.0
ORD100704,2024-09-13,CUST1540,Male,35,Pune,West,Store C,Grocery,Snacks,3,464.73,0.21,1101.41,928.81,172.6,Debit Card,3.9,2.0
ORD100705,2024-09-14,CUST1128,Female,25,Mumbai,West,Online,Electronics,Smartwatch,7,20175.06,0.139,121595.09,90724.03,30871.05,Cash,4.1,4.0
ORD100706,2024-09-14,CUST1094,Male,34,Mumbai,West,Store B,Grocery,Coffee,1,397.25,0.172,328.92,279.82,49.1,Debit Card,3.8,2.0
ORD100707,2024-09-14,CUST1421,Male,33,Pune,West,Store D,Beauty,Face Wash,2,1007.81,0.243,1525.82,983.46,542.36,Credit Card,4.2,4.0
ORD100708,2024-09-15,CUST1272,Male,33,Hyderabad,South,Store B,Home & Kitchen,Bedsheet,2,2905.5,0.021,5688.97,3893.45,1795.52,Credit Card,4.4,4.0
ORD100709,2024-09-15,CUST1484,Female,35,Guntur,South,Store A,Electronics,Smartphone,1,16042.47,0.225,12432.91,9305.62,3127.3,UPI,4.0,4.0
ORD100710,2024-09-15,CUST1005,Female,36,Guntur,South,Online,Electronics,Smartwatch,4,17130.6,0.032,66329.68,49351.44,16978.24,Net Banking,4.1,1.0
ORD100711,2024-09-16,CUST1157,Male,30,Visakhapatnam,South,Online,Beauty,Moisturizer,7,909.74,0.098,5744.1,3694.86,2049.24,Cash,4.8,2.0
ORD100712,2024-09-16,CUST1052,Male,49,Chennai,South,Online,Beauty,Face Wash,7,1407.05,0.213,7751.44,4944.68,2806.76,Cash,4.3,6.0
ORD100713,2024-09-17,CUST1243,Female,22,Vijayawada,South,Store D,Clothing,Shoes,7,1609.38,0.227,8708.36,5608.83,3099.53,Debit Card,4.1,4.0
ORD100714,2024-09-17,CUST1420,Male,27,Hyderabad,South,Online,Home & Kitchen,Cookware Set,6,3292.84,0.127,17247.9,11736.3,5511.6,Net Banking,3.5,5.0
ORD100715,2024-09-17,CUST1425,Male,66,Pune,West,Store A,Home & Kitchen,Bedsheet,6,4770.09,0.149,24356.08,17103.0,7253.08,Cash,4.4,5.0
ORD100716,2024-09-18,CUST1080,Female,24,Pune,West,Store B,Grocery,Coffee,6,694.25,0.177,3428.21,2886.15,542.06,Net Banking,4.2,7.0
ORD100717,2024-09-18,CUST1354,Female,20,Pune,West,Store B,Clothing,Dress,6,1658.94,0.208,7883.28,4749.23,3134.05,Net Banking,4.7,7.0
ORD100718,2024-09-18,CUST1293,Female,43,Hyderabad,South,Store D,Clothing,Jeans,6,1484.57,0.03,8640.2,5248.92,3391.28,Credit Card,4.0,1.0
ORD100719,2024-09-19,CUST1116,Male,18,Mumbai,West,Store B,Clothing,Shoes,1,1367.78,0.203,1090.12,690.34,399.78,Cash,3.0,3.0
ORD100720,2024-09-19,CUST1529,Male,32,Pune,West,Store A,Clothing,Dress,2,2146.39,0.12,3777.65,2416.18,1361.47,Cash,3.1,6.0
ORD100721,2024-09-19,CUST1480,Male,59,Pune,West,Store D,Home & Kitchen,Cookware Set,4,3295.29,0.113,11691.69,7838.41,3853.28,UPI,4.4,1.0
ORD100722,2024-09-20,CUST1288,Male,18,Chennai,South,Online,Home & Kitchen,Mixer,3,3113.51,0.106,8350.43,5631.22,2719.21,Net Banking,3.7,3.0
ORD100723,2024-09-20,CUST1477,Female,18,Bengaluru,South,Store C,Clothing,Shoes,6,1393.17,0.127,7297.42,4429.2,2868.22,Debit Card,4.2,1.0
ORD100724,2024-09-21,CUST1025,Male,19,Bengaluru,South,Store A,Grocery,Snacks,1,384.55,0.236,293.8,244.43,49.37,Credit Card,4.1,7.0
ORD100725,2024-09-21,CUST1431,Male,45,Visakhapatnam,South,Store B,Electronics,Smartwatch,7,27240.41,0.137,164559.32,126682.35,37876.97,UPI,3.9,5.0
ORD100726,2024-09-21,CUST1278,Female,47,Visakhapatnam,South,Store B,Electronics,Smartphone,4,15791.93,0.238,48133.8,36728.54,11405.26,Credit Card,3.9,4.0
ORD100727,2024-09-22,CUST1317,Female,29,Pune,West,Store B,Grocery,Rice,4,649.23,0.045,2480.06,2133.25,346.81,Debit Card,3.5,2.0
ORD100728,2024-09-22,CUST1358,Male,43,Chennai,South,Store D,Clothing,Jacket,4,1533.08,0.181,5022.37,3035.4,1986.97,UPI,4.0,7.0
ORD100729,2024-09-22,CUST1276,Female,50,Pune,West,Store D,Home & Kitchen,Cookware Set,1,3350.36,0.203,2670.24,1869.36,800.88,Credit Card,3.7,4.0
ORD100730,2024-09-23,CUST1344,Female,55,Visakhapatnam,South,Store D,Electronics,Smartphone,3,15641.15,0.17,38946.46,29331.13,9615.33,Debit Card,3.8,5.0
ORD100731,2024-09-23,CUST1431,Male,32,Hyderabad,South,Store C,Beauty,Perfume,6,1195.67,0.152,6083.57,3930.88,2152.69,UPI,3.8,2.0
ORD100732,2024-09-23,CUST1559,Male,18,Hyderabad,South,Online,Beauty,Face Wash,4,1085.09,0.141,3728.37,2323.68,1404.69,Debit Card,3.9,3.0
ORD100733,2024-09-24,CUST1563,Male,26,Mumbai,West,Store B,Grocery,Rice,1,492.49,0.215,386.6,331.34,55.26,UPI,4.5,3.0
ORD100734,2024-09-24,CUST1439,Male,30,Vijayawada,South,Store C,Clothing,Shoes,7,2535.85,0.205,14112.01,8795.33,5316.67,Cash,3.9,5.0
ORD100735,2024-09-25,CUST1462,Female,32,Bengaluru,South,Online,Electronics,Smartwatch,2,26243.89,0.031,50860.66,38881.67,11978.99,Cash,4.6,2.0
ORD100736,2024-09-25,CUST1270,Female,33,Chennai,South,Store B,Clothing,Jacket,7,1402.67,0.212,7737.13,4810.37,2926.76,Credit Card,4.8,4.0
ORD100737,2024-09-25,CUST1431,Male,47,Guntur,South,Store A,Electronics,Headphones,1,20020.76,0.104,17938.6,13754.69,4183.91,Net Banking,4.5,5.0
ORD100738,2024-09-26,CUST1021,Male,49,Bengaluru,South,Online,Grocery,Snacks,1,589.27,0.063,552.15,465.18,86.96,Net Banking,4.3,3.0
ORD100739,2024-09-26,CUST1143,Female,33,Guntur,South,Store B,Grocery,Rice,1,694.8,0.217,544.03,469.53,74.5,Debit Card,4.2,5.0
ORD100740,2024-09-26,CUST1353,Male,47,Vijayawada,South,Store D,Beauty,Moisturizer,4,1298.67,0.108,4633.65,2971.61,1662.04,UPI,4.5,4.0
ORD100741,2024-09-27,CUST1465,Male,39,Vijayawada,South,Store A,Clothing,Shoes,1,2144.36,0.202,1711.2,1065.37,645.83,Cash,4.0,1.0
ORD100742,2024-09-27,CUST1468,Male,36,Pune,West,Store D,Beauty,Shampoo,2,1413.41,0.066,2640.25,1691.96,948.29,Net Banking,4.5,6.0
ORD100743,2024-09-27,CUST1513,Male,45,Visakhapatnam,South,Store B,Clothing,Jeans,4,2509.53,0.001,10028.08,6074.92,3953.16,Cash,4.3,6.0
ORD100744,2024-09-28,CUST1464,Female,36,Vijayawada,South,Store A,Beauty,Perfume,7,517.64,0.124,3174.17,1983.28,1190.89,Debit Card,3.8,7.0
ORD100745,2024-09-28,CUST1394,Male,58,Vijayawada,South,Store D,Home & Kitchen,Chair,2,4167.22,0.025,8126.08,5305.5,2820.58,Debit Card,4.5,6.0
ORD100746,2024-09-29,CUST1058,Female,19,Guntur,South,Store B,Home & Kitchen,Mixer,5,4483.74,0.189,18181.57,12545.4,5636.16,UPI,4.1,1.0
ORD100747,2024-09-29,CUST1126,Male,29,Visakhapatnam,South,Store C,Home & Kitchen,Chair,7,2161.28,0.069,14085.06,9720.53,4364.53,Net Banking,3.9,4.0
ORD100748,2024-09-29,CUST1461,Male,34,Vijayawada,South,Store A,Home & Kitchen,Chair,1,2614.33,0.111,2324.14,1604.41,719.73,Debit Card,3.7,7.0
ORD100749,2024-09-30,CUST1052,Female,40,Bengaluru,South,Store A,Electronics,Laptop,6,19044.52,0.022,111753.24,85401.48,26351.76,Debit Card,4.1,2.0
ORD100750,2024-09-30,CUST1269,Male,49,Mumbai,West,Store B,Home & Kitchen,Bedsheet,6,2771.21,0.072,15430.1,10089.6,5340.5,Cash,4.5,5.0
ORD100751,2024-09-30,CUST1096,Female,35,Vijayawada,South,Store A,Grocery,Coffee,4,427.74,0.195,1377.32,1162.61,214.72,Credit Card,4.5,4.0
ORD100752,2024-10-01,CUST1273,Male,19,Mumbai,West,Online,Grocery,Cooking Oil,6,536.39,0.038,3096.04,2670.76,425.28,Net Banking,4.2,1.0
ORD100753,2024-10-01,CUST1323,Male,44,Visakhapatnam,South,Store A,Electronics,Laptop,7,31059.72,0.162,182196.32,138806.97,43389.34,UPI,4.3,7.0
ORD100754,2024-10-01,CUST1573,Male,43,Pune,West,Store C,Home & Kitchen,Lamp,4,4581.32,0.229,14128.79,9569.06,4559.73,UPI,4.7,3.0
ORD100755,2024-10-02,CUST1133,Male,18,Chennai,South,Store A,Home & Kitchen,Bedsheet,7,2662.18,0.17,15467.27,10587.58,4879.68,Cash,3.9,6.0
ORD100756,2024-10-02,CUST1089,Male,35,Visakhapatnam,South,Store B,Home & Kitchen,Mixer,1,2655.3,0.203,2116.27,1439.37,676.91,UPI,3.4,6.0
ORD100757,2024-10-03,CUST1005,Female,18,Guntur,South,Online,Beauty,Lip Balm,3,1660.54,0.027,4847.12,3108.9,1738.22,Debit Card,4.7,4.0
ORD100758,2024-10-03,CUST1357,Female,28,Chennai,South,Store A,Clothing,Shoes,3,2123.37,0.063,5968.79,3658.08,2310.71,Net Banking,3.7,6.0
ORD100759,2024-10-03,CUST1343,Male,25,Bengaluru,South,Online,Beauty,Moisturizer,2,1229.0,0.224,1907.41,1242.32,665.09,UPI,3.6,6.0
ORD100760,2024-10-04,CUST1204,Male,44,Hyderabad,South,Store B,Clothing,Dress,1,2036.67,0.179,1672.11,1028.67,643.44,Net Banking,3.0,4.0
ORD100761,2024-10-04,CUST1573,Female,36,Mumbai,West,Online,Home & Kitchen,Chair,6,3470.2,0.16,17489.81,11608.21,5881.6,UPI,4.3,4.0
ORD100762,2024-10-04,CUST1471,Female,21,Mumbai,West,Store D,Home & Kitchen,Mixer,1,4024.58,0.166,3356.5,2250.74,1105.76,Credit Card,3.1,7.0
ORD100763,2024-10-05,CUST1464,Male,45,Mumbai,West,Online,Beauty,Face Wash,5,1082.38,0.104,4849.06,3083.93,1765.13,Credit Card,3.6,1.0
ORD100764,2024-10-05,CUST1497,Male,19,Visakhapatnam,South,Store D,Beauty,Perfume,3,1294.08,0.011,3839.54,2501.27,1338.27,Net Banking,4.3,1.0
ORD100765,2024-10-05,CUST1063,Female,39,Mumbai,West,Store C,Clothing,Dress,6,1044.73,0.196,5039.78,3122.28,1917.49,Credit Card,4.4,6.0
ORD100766,2024-10-06,CUST1556,Male,26,Pune,West,Store B,Grocery,Juice,7,396.83,0.17,2305.58,1976.16,329.43,Credit Card,3.6,7.0
ORD100767,2024-10-06,CUST1239,Female,31,Mumbai,West,Store A,Clothing,Jeans,7,1461.49,0.118,9023.24,5468.67,3554.57,Debit Card,3.9,4.0
ORD100768,2024-10-07,CUST1540,Male,41,Guntur,South,Online,Beauty,Perfume,3,1068.96,0.225,2485.33,1613.1,872.23,UPI,3.5,4.0
ORD100769,2024-10-07,CUST1198,Female,41,Bengaluru,South,Store B,Beauty,Face Wash,1,875.72,0.084,802.16,507.36,294.8,Credit Card,3.7,6.0
ORD100770,2024-10-07,CUST1030,Female,50,Mumbai,West,Store C,Electronics,Headphones,6,21265.19,0.074,118149.4,89631.87,28517.53,Net Banking,4.1,2.0
ORD100771,2024-10-08,CUST1209,Male,34,Mumbai,West,Online,Beauty,Perfume,2,669.96,0.218,1047.82,688.47,359.35,Debit Card,3.7,3.0
ORD100772,2024-10-08,CUST1063,Female,38,Chennai,South,Store B,Electronics,Headphones,7,28840.9,0.199,161710.93,124025.79,37685.13,Credit Card,3.9,5.0
ORD100773,2024-10-08,CUST1057,Male,30,Bengaluru,South,Online,Grocery,Snacks,1,487.62,0.129,424.72,354.55,70.17,Net Banking,3.2,5.0
ORD100774,2024-10-09,CUST1433,Male,37,Mumbai,West,Online,Clothing,Jeans,2,947.4,0.033,1832.27,1099.83,732.45,UPI,4.6,6.0
ORD100775,2024-10-09,CUST1308,Male,40,Visakhapatnam,South,Store D,Clothing,Dress,6,1382.59,0.054,7847.58,4859.87,2987.71,Credit Card,4.3,7.0
ORD100776,2024-10-10,CUST1575,Male,34,Vijayawada,South,Online,Electronics,Tablet,3,27356.21,0.164,68609.37,51004.88,17604.5,Net Banking,4.4,5.0
ORD100777,2024-10-10,CUST1466,Female,18,Pune,West,Store A,Clothing,Jacket,5,1528.49,0.096,6908.77,4333.44,2575.33,Net Banking,4.7,1.0
ORD100778,2024-10-10,CUST1107,Male,39,Visakhapatnam,South,Store B,Beauty,Perfume,4,956.07,0.209,3025.01,1937.48,1087.53,Cash,3.5,7.0
ORD100779,2024-10-11,CUST1600,Male,39,Hyderabad,South,Store C,Home & Kitchen,Bedsheet,3,3425.41,0.237,7840.76,5347.59,2493.17,Net Banking,3.8,7.0
ORD100780,2024-10-11,CUST1301,Male,28,Visakhapatnam,South,Store B,Electronics,Smartwatch,2,27405.18,0.201,43793.48,32859.64,10933.84,Cash,3.0,1.0
ORD100781,2024-10-11,CUST1046,Male,21,Chennai,South,Online,Clothing,T-Shirt,1,1081.82,0.094,980.13,626.73,353.4,UPI,5.0,2.0
ORD100782,2024-10-12,CUST1077,Female,51,Chennai,South,Online,Electronics,Laptop,7,28850.9,0.197,162170.91,129556.18,32614.73,UPI,3.9,6.0
ORD100783,2024-10-12,CUST1169,Male,40,Mumbai,West,Store C,Electronics,Smartphone,6,19397.95,0.088,106145.58,80266.12,25879.46,Debit Card,4.6,1.0
ORD100784,2024-10-12,CUST1129,Female,32,Visakhapatnam,South,Store B,Home & Kitchen,Mixer,3,3482.07,0.042,10007.47,6848.32,3159.15,Cash,3.3,6.0
ORD100785,2024-10-13,CUST1268,Female,22,Chennai,South,Online,Beauty,Perfume,7,1187.6,0.008,8246.69,5287.14,2959.56,Net Banking,4.5,6.0
ORD100786,2024-10-13,CUST1600,Female,26,Vijayawada,South,Store C,Electronics,Headphones,7,21310.54,0.096,134853.1,102009.29,32843.81,Debit Card,5.0,7.0
ORD100787,2024-10-14,CUST1585,Male,49,Bengaluru,South,Store C,Clothing,Jacket,5,1288.17,0.226,4985.22,3044.54,1940.68,Debit Card,4.0,4.0
ORD100788,2024-10-14,CUST1419,Male,37,Visakhapatnam,South,Store B,Grocery,Cooking Oil,6,457.15,0.06,2578.33,2174.06,404.27,UPI,3.4,3.0
ORD100789,2024-10-14,CUST1161,Male,29,Pune,West,Online,Electronics,Headphones,2,36377.31,0.052,68971.38,51346.78,17624.6,Net Banking,3.9,3.0
ORD100790,2024-10-15,CUST1058,Male,41,Vijayawada,South,Store D,Electronics,Laptop,6,15468.27,0.242,70349.69,53855.76,16493.93,Cash,2.8,6.0
ORD100791,2024-10-15,CUST1384,Female,26,Mumbai,West,Online,Home & Kitchen,Chair,6,5192.31,0.006,30966.94,20860.54,10106.39,UPI,,3.0
ORD100792,2024-10-15,CUST1510,Female,52,Bengaluru,South,Online,Beauty,Moisturizer,1,1109.1,0.196,891.72,544.21,347.5,Debit Card,4.5,3.0
ORD100793,2024-10-16,CUST1430,Male,50,Pune,West,Store B,Grocery,Juice,4,505.31,0.08,1859.54,1612.01,247.53,Credit Card,4.0,5.0
ORD100794,2024-10-16,CUST1340,Male,30,Mumbai,West,Store C,Clothing,T-Shirt,7,1256.64,0.009,8717.31,5401.01,3316.3,Debit Card,3.8,7.0
ORD100795,2024-10-16,CUST1578,Male,28,Pune,West,Online,Grocery,Snacks,2,384.31,0.229,592.61,521.99,70.61,Credit Card,4.3,5.0
ORD100796,2024-10-17,CUST1026,Male,18,Mumbai,West,Store C,Clothing,Dress,1,1548.55,0.035,1494.35,932.72,561.63,UPI,4.3,4.0
ORD100797,2024-10-17,CUST1589,Male,19,Pune,West,Online,Beauty,Face Wash,7,834.01,0.138,5032.42,3135.02,1897.39,Cash,3.1,2.0
ORD100798,2024-10-18,CUST1372,Male,20,Bengaluru,South,Online,Clothing,Dress,4,1695.54,0.069,6314.19,3757.68,2556.51,Net Banking,4.0,7.0
ORD100799,2024-10-18,CUST1036,Male,36,Vijayawada,South,Store D,Home & Kitchen,Bedsheet,1,3092.98,0.016,3043.49,2042.77,1000.72,Credit Card,5.0,1.0
ORD100800,2024-10-18,CUST1531,Female,31,Pune,West,Online,Home & Kitchen,Chair,4,5350.78,0.012,21146.28,14217.68,6928.61,Net Banking,3.3,1.0
ORD100801,2024-10-19,CUST1267,Female,20,Pune,West,Online,Home & Kitchen,Lamp,4,2334.03,0.029,9065.37,6269.11,2796.27,UPI,4.0,5.0
ORD100802,2024-10-19,CUST1432,Female,32,Guntur,South,Online,Home & Kitchen,Lamp,4,3602.69,0.018,14151.37,9621.39,4529.97,UPI,5.0,6.0
ORD100803,2024-10-19,CUST1019,Female,41,Visakhapatnam,South,Store C,Grocery,Coffee,1,537.18,0.19,435.12,381.84,53.28,UPI,4.6,3.0
ORD100804,2024-10-20,CUST1339,Male,41,Bengaluru,South,Store A,Beauty,Face Wash,6,825.39,0.121,4353.11,2719.55,1633.56,Cash,3.7,4.0
ORD100805,2024-10-20,CUST1140,Male,18,Mumbai,West,Store C,Clothing,T-Shirt,4,2143.41,0.086,7836.31,4942.93,2893.38,Credit Card,4.1,2.0
ORD100806,2024-10-20,CUST1067,Male,34,Bengaluru,South,Store D,Clothing,T-Shirt,6,1600.84,0.105,8596.51,5399.01,3197.5,Net Banking,4.0,5.0
ORD100807,2024-10-21,CUST1530,Male,20,Chennai,South,Store C,Home & Kitchen,Chair,7,1007.61,0.232,5416.91,3549.68,1867.23,Debit Card,3.6,6.0
ORD100808,2024-10-21,CUST1369,Male,45,Mumbai,West,Online,Home & Kitchen,Mixer,7,4159.85,0.228,22479.83,15650.21,6829.62,UPI,4.0,4.0
ORD100809,2024-10-22,CUST1261,Female,44,Bengaluru,South,Store B,Electronics,Headphones,2,17181.41,0.179,28211.88,21477.09,6734.78,Net Banking,3.8,6.0
ORD100810,2024-10-22,CUST1579,Male,25,Vijayawada,South,Store D,Beauty,Lip Balm,5,833.28,0.221,3245.63,2091.86,1153.77,Net Banking,4.1,4.0
ORD100811,2024-10-22,CUST1582,Female,27,Mumbai,West,Store B,Grocery,Snacks,6,603.19,0.08,3329.61,2818.88,510.72,Cash,3.6,5.0
ORD100812,2024-10-23,CUST1203,Male,30,Mumbai,West,Online,Clothing,T-Shirt,7,1626.42,0.095,10303.37,6534.72,3768.65,Credit Card,3.3,4.0
ORD100813,2024-10-23,CUST1410,Female,18,Bengaluru,South,Store D,Electronics,Headphones,5,31424.41,0.153,133082.38,98983.68,34098.69,Cash,4.0,7.0
ORD100814,2024-10-23,CUST1080,Male,39,Mumbai,West,Store B,Electronics,Laptop,4,33471.16,0.156,112998.64,87165.23,25833.41,Cash,4.9,3.0
ORD100815,2024-10-24,CUST1113,Female,32,Guntur,South,Store B,Clothing,Dress,5,1477.54,0.12,6501.18,4090.27,2410.91,Net Banking,4.0,4.0
ORD100816,2024-10-24,CUST1137,Male,46,Visakhapatnam,South,Online,Grocery,Snacks,5,618.99,0.1,2785.46,2353.49,431.97,Credit Card,3.8,2.0
ORD100817,2024-10-24,CUST1189,Male,23,Mumbai,West,Store C,Electronics,Smartwatch,4,19711.77,0.247,59371.85,46733.52,12638.33,Credit Card,,4.0
ORD100818,2024-10-25,CUST1277,Male,28,Visakhapatnam,South,Store B,Electronics,Smartwatch,6,40631.81,0.205,193813.73,147912.31,45901.43,Credit Card,3.9,7.0
ORD100819,2024-10-25,CUST1103,Male,18,Bengaluru,South,Online,Beauty,Shampoo,4,957.47,0.109,3412.42,2209.66,1202.77,UPI,5.0,1.0
ORD100820,2024-10-26,CUST1107,Female,24,Pune,West,Store D,Grocery,Rice,2,653.91,0.182,1069.8,894.74,175.06,Credit Card,4.0,7.0
ORD100821,2024-10-26,CUST1575,Male,22,Hyderabad,South,Online,Electronics,Tablet,3,30906.53,0.067,86507.38,68251.77,18255.6,Net Banking,4.4,4.0
ORD100822,2024-10-26,CUST1173,Female,46,Hyderabad,South,Store C,Grocery,Rice,1,547.41,0.025,533.72,448.89,84.84,UPI,3.6,6.0
ORD100823,2024-10-27,CUST1331,Male,27,Pune,West,Store C,Clothing,Shoes,4,1464.73,0.088,5343.34,3373.98,1969.35,Debit Card,4.3,5.0
ORD100824,2024-10-27,CUST1191,Female,36,Pune,West,Online,Home & Kitchen,Mixer,4,3348.6,0.101,12041.57,8041.65,3999.92,Cash,4.2,1.0
ORD100825,2024-10-27,CUST1225,Male,31,Pune,West,Store C,Electronics,Smartwatch,5,9924.88,0.004,49425.9,37145.16,12280.74,Credit Card,4.0,5.0
ORD100826,2024-10-28,CUST1323,Male,21,Vijayawada,South,Store D,Beauty,Perfume,2,1278.55,0.204,2035.45,1321.18,714.27,Debit Card,3.7,6.0
ORD100827,2024-10-28,CUST1508,Female,33,Hyderabad,South,Store B,Clothing,Jacket,7,1974.81,0.09,12579.54,7943.57,4635.97,Credit Card,3.6,2.0
ORD100828,2024-10-29,CUST1548,Male,42,Pune,West,Store C,Grocery,Cooking Oil,7,520.02,,3112.32,2615.35,496.97,Cash,4.2,3.0
ORD100829,2024-10-29,CUST1134,Male,22,Vijayawada,South,Store A,Clothing,Shoes,5,313.35,0.018,1538.55,972.62,565.92,Net Banking,4.3,2.0
ORD100830,2024-10-29,CUST1037,Female,44,Chennai,South,Store B,Electronics,Tablet,6,16140.54,0.044,92582.14,71685.92,20896.22,Net Banking,3.9,1.0
ORD100831,2024-10-30,CUST1093,Male,26,Mumbai,West,Store A,Grocery,Juice,4,387.79,0.222,1206.8,1020.33,186.47,Cash,4.2,6.0
ORD100832,2024-10-30,CUST1075,Female,30,Vijayawada,South,Store A,Home & Kitchen,Chair,4,3791.66,0.152,12861.31,8997.35,3863.96,Debit Card,4.0,6.0
ORD100833,2024-10-30,CUST1183,Male,41,Hyderabad,South,Online,Clothing,Shoes,5,1944.67,0.238,7409.19,4473.24,2935.96,UPI,4.1,3.0
ORD100834,2024-10-31,CUST1459,Female,28,Bengaluru,South,Store B,Electronics,Headphones,4,23808.43,0.25,71425.29,53672.76,17752.53,UPI,3.9,4.0
ORD100835,2024-10-31,CUST1409,Female,35,Chennai,South,Store D,Beauty,Moisturizer,6,1422.34,0.093,7740.37,4996.55,2743.82,Credit Card,4.0,1.0
ORD100836,2024-10-31,CUST1207,Female,32,Hyderabad,South,Online,Grocery,Rice,3,346.06,0.075,960.32,813.18,147.13,Cash,5.0,3.0
ORD100837,2024-11-01,CUST1245,Female,36,Mumbai,West,Store D,Clothing,Shoes,1,2105.12,0.215,1652.52,1029.43,623.09,Cash,4.2,7.0
ORD100838,2024-11-01,CUST1333,Male,18,Vijayawada,South,Store A,Clothing,Shoes,1,2037.37,0.25,1528.03,951.49,576.54,UPI,4.4,7.0
ORD100839,2024-11-02,CUST1525,Male,18,Guntur,South,Online,Home & Kitchen,Mixer,1,3877.55,0.157,3268.77,2215.28,1053.49,Debit Card,4.2,5.0
ORD100840,2024-11-02,CUST1294,Female,42,Visakhapatnam,South,Store D,Home & Kitchen,Lamp,3,3317.96,0.199,7973.06,5502.91,2470.14,Cash,3.9,3.0
ORD100841,2024-11-02,CUST1273,Male,46,Mumbai,West,Online,Beauty,Face Wash,4,1840.76,0.195,5927.25,3777.85,2149.4,Net Banking,4.7,5.0
ORD100842,2024-11-03,CUST1379,Male,25,Hyderabad,South,Online,Beauty,Moisturizer,5,1372.62,0.089,6252.28,4018.14,2234.15,Net Banking,3.8,7.0
ORD100843,2024-11-03,CUST1026,Male,32,Pune,West,Online,Electronics,Headphones,7,18221.65,0.144,109184.13,84692.35,24491.78,Cash,4.6,7.0
ORD100844,2024-11-03,CUST1544,Female,38,Vijayawada,South,Store D,Electronics,Laptop,2,26738.14,0.208,42353.21,32646.56,9706.65,Debit Card,3.8,5.0
ORD100845,2024-11-04,CUST1091,Male,43,Pune,West,Store B,Beauty,Shampoo,4,1463.37,0.172,4846.68,3145.76,1700.92,Net Banking,3.5,6.0
ORD100846,2024-11-04,CUST1476,Male,18,Pune,West,Store D,Beauty,Face Wash,3,994.16,0.005,2967.57,1859.96,1107.61,Debit Card,4.2,3.0
ORD100847,2024-11-04,CUST1188,Female,25,Pune,West,Store A,Grocery,Juice,6,663.39,0.084,3645.99,3165.17,480.82,UPI,3.4,6.0
ORD100848,2024-11-05,CUST1569,Male,31,Pune,West,Online,Home & Kitchen,Chair,3,3882.03,0.036,11226.83,7513.52,3713.31,Credit Card,4.3,7.0
ORD100849,2024-11-05,CUST1195,Female,43,Pune,West,Store A,Electronics,Smartwatch,7,8602.65,0.058,56725.87,42117.27,14608.6,UPI,3.3,6.0
ORD100850,2024-11-06,CUST1534,Female,62,Chennai,South,Store B,Home & Kitchen,Mixer,1,3799.67,0.226,2940.94,1997.26,943.68,Credit Card,3.8,2.0
ORD100851,2024-11-06,CUST1085,Female,32,Hyderabad,South,Online,Home & Kitchen,Bedsheet,4,3093.97,0.009,12264.5,8204.11,4060.39,Net Banking,3.2,2.0
ORD100852,2024-11-06,CUST1592,Male,20,Mumbai,West,Store D,Beauty,Shampoo,7,1388.01,0.055,9181.69,5959.91,3221.78,Credit Card,5.0,6.0
ORD100853,2024-11-07,CUST1077,Male,39,Hyderabad,South,Store C,Grocery,Coffee,1,641.63,0.077,592.22,516.78,75.44,Credit Card,3.1,6.0
ORD100854,2024-11-07,CUST1330,Female,50,Mumbai,West,Store C,Clothing,Shoes,2,1897.58,0.154,3210.71,1922.46,1288.24,Cash,4.0,5.0
ORD100855,2024-11-07,CUST1383,Female,36,Visakhapatnam,South,Online,Grocery,Juice,6,749.79,0.134,3895.91,3300.53,595.38,Credit Card,4.6,6.0
ORD100856,2024-11-08,CUST1433,Female,25,Vijayawada,South,Store B,Grocery,Snacks,1,473.19,0.055,447.16,374.46,72.71,Cash,4.6,1.0
ORD100857,2024-11-08,CUST1377,Female,46,Guntur,South,Online,Home & Kitchen,Chair,2,4124.82,0.041,7911.4,5334.96,2576.45,Credit Card,4.5,3.0
ORD100858,2024-11-08,CUST1341,Female,42,Chennai,South,Store A,Grocery,Rice,3,620.74,,1752.35,1519.37,232.98,Cash,3.8,1.0
ORD100859,2024-11-09,CUST1177,Female,24,Vijayawada,South,Online,Electronics,Tablet,1,24318.58,0.126,21254.44,16082.93,5171.51,Net Banking,4.7,2.0
ORD100860,2024-11-09,CUST1426,Male,39,Chennai,South,Online,Home & Kitchen,Bedsheet,1,4278.77,0.068,3987.81,2682.93,1304.89,Net Banking,4.5,1.0
ORD100861,2024-11-10,CUST1424,Female,46,Mumbai,West,Store B,Electronics,Smartwatch,5,20837.29,0.237,79494.26,61829.56,17664.7,Credit Card,4.1,4.0
ORD100862,2024-11-10,CUST1174,Female,48,Hyderabad,South,Store C,Clothing,Dress,6,1588.72,0.116,8426.57,5007.72,3418.85,Debit Card,4.1,4.0
ORD100863,2024-11-10,CUST1406,Female,34,Pune,West,Store A,Home & Kitchen,Chair,6,2187.51,0.015,12928.18,8986.89,3941.3,Net Banking,3.8,2.0
ORD100864,2024-11-11,CUST1082,Male,31,Visakhapatnam,South,Store D,Clothing,Dress,7,1920.7,0.182,10997.93,6751.91,4246.02,UPI,3.5,1.0
ORD100865,2024-11-11,CUST1021,Male,49,Visakhapatnam,South,Store C,Home & Kitchen,Chair,3,3825.25,0.082,10534.74,7153.55,3381.19,UPI,4.7,3.0
ORD100866,2024-11-11,CUST1398,Male,22,Bengaluru,South,Store D,Beauty,Lip Balm,5,1612.74,0.163,6749.32,4278.56,2470.76,Cash,4.7,2.0
ORD100867,2024-11-12,CUST1330,Male,40,Guntur,South,Store B,Grocery,Snacks,7,618.67,0.07,4027.54,3559.88,467.66,Debit Card,3.5,4.0
ORD100868,2024-11-12,CUST1225,Female,20,Visakhapatnam,South,Store B,Beauty,Moisturizer,2,1100.32,0.143,1885.95,1180.26,705.69,Cash,3.9,2.0
ORD100869,2024-11-12,CUST1402,Male,47,Pune,West,Store A,Clothing,Jeans,7,1210.91,0.193,6840.43,4241.96,2598.47,Credit Card,3.9,1.0
ORD100870,2024-11-13,CUST1438,Female,32,Hyderabad,South,Store B,Grocery,Cooking Oil,2,564.93,0.232,867.73,753.33,114.4,Net Banking,4.0,1.0
ORD100871,2024-11-13,CUST1272,Female,49,Guntur,South,Store D,Home & Kitchen,Bedsheet,3,4610.75,0.065,12933.15,8539.52,4393.63,Debit Card,4.0,1.0
ORD100872,2024-11-14,CUST1280,Female,40,Mumbai,West,Online,Grocery,Rice,6,613.28,0.084,3370.59,2850.71,519.88,Cash,4.5,5.0
ORD100873,2024-11-14,CUST1223,Female,22,Vijayawada,South,Store D,Electronics,Laptop,2,32591.34,0.116,57621.49,43675.53,13945.96,Cash,3.6,1.0
ORD100874,2024-11-14,CUST1587,Female,51,Mumbai,West,Store C,Grocery,Rice,3,468.22,0.232,1078.78,912.94,165.84,UPI,3.5,6.0
ORD100875,2024-11-15,CUST1509,Female,52,Pune,West,Online,Electronics,Smartphone,7,21733.67,0.225,117905.16,88292.42,29612.74,Credit Card,4.7,4.0
ORD100876,2024-11-15,CUST1342,Male,45,Pune,West,Store D,Grocery,Rice,2,389.46,0.022,761.78,651.01,110.78,Cash,3.7,7.0
ORD100877,2024-11-15,CUST1042,Male,27,Visakhapatnam,South,Online,Electronics,Tablet,4,24608.72,0.033,95186.53,73187.62,21998.91,UPI,3.3,4.0
ORD100878,2024-11-16,CUST1176,Male,32,Guntur,South,Store C,Clothing,Dress,1,1760.7,0.124,1542.37,950.37,592.0,Debit Card,3.7,5.0
ORD100879,2024-11-16,CUST1245,Male,37,Hyderabad,South,Store B,Beauty,Shampoo,7,1272.34,0.027,8665.91,5653.84,3012.07,Cash,3.8,4.0
ORD100880,2024-11-16,CUST1253,Male,27,Mumbai,West,Store A,Home & Kitchen,Bedsheet,6,3370.7,0.086,18484.92,12344.0,6140.92,UPI,4.9,4.0
ORD100881,2024-11-17,CUST1274,Female,54,Bengaluru,South,Online,Grocery,Snacks,7,479.96,0.037,3235.41,2719.75,515.66,Credit Card,4.5,2.0
ORD100882,2024-11-17,CUST1334,Male,37,Mumbai,West,Store A,Beauty,Moisturizer,4,928.16,0.159,3122.33,2067.58,1054.75,Net Banking,4.6,7.0
ORD100883,2024-11-18,CUST1011,Male,18,Chennai,South,Store B,Home & Kitchen,Cookware Set,3,4441.62,0.237,10166.87,6831.59,3335.28,Debit Card,4.5,7.0
ORD100884,2024-11-18,CUST1152,Male,39,Chennai,South,Store C,Home & Kitchen,Mixer,3,3576.52,0.249,8057.9,5350.08,2707.82,Cash,4.5,1.0
ORD100885,2024-11-18,CUST1189,Female,31,Hyderabad,South,Store D,Electronics,Laptop,7,23778.89,0.094,150805.72,111018.45,39787.27,UPI,3.6,6.0
ORD100886,2024-11-19,CUST1211,Female,34,Hyderabad,South,Store D,Clothing,Shoes,4,1426.29,0.15,4849.39,3064.8,1784.58,Cash,3.9,6.0
ORD100887,2024-11-19,CUST1097,Female,31,Chennai,South,Store A,Clothing,Shoes,7,1134.04,0.214,6239.49,3844.72,2394.77,Net Banking,3.5,2.0
ORD100888,2024-11-19,CUST1339,Male,44,Bengaluru,South,Store C,Beauty,Face Wash,1,1657.79,0.029,1609.71,1025.51,584.2,Cash,3.9,6.0
ORD100889,2024-11-20,CUST1047,Male,47,Guntur,South,Store D,Clothing,Jacket,1,2077.32,0.172,1720.02,1063.36,656.66,Cash,4.4,2.0
ORD100890,2024-11-20,CUST1057,Male,38,Chennai,South,Online,Grocery,Snacks,5,256.41,0.102,1151.28,1008.15,143.13,UPI,4.1,7.0
ORD100891,2024-11-21,CUST1075,Male,31,Hyderabad,South,Online,Clothing,Shoes,2,2181.57,0.052,4136.26,2556.19,1580.06,Net Banking,4.7,7.0
ORD100892,2024-11-21,CUST1254,Male,35,Visakhapatnam,South,Online,Beauty,Moisturizer,5,1522.87,0.101,6845.3,4565.84,2279.46,Debit Card,3.4,7.0
ORD100893,2024-11-21,CUST1571,Female,35,Vijayawada,South,Online,Clothing,T-Shirt,1,1862.19,0.019,1826.81,1135.35,691.46,UPI,4.3,6.0
ORD100894,2024-11-22,CUST1598,Male,26,Bengaluru,South,Store D,Grocery,Juice,4,739.72,0.174,2444.03,2142.04,301.99,Net Banking,3.3,4.0
ORD100895,2024-11-22,CUST1170,Female,41,Pune,West,Store B,Electronics,Tablet,2,26517.04,0.063,49692.93,38314.03,11378.9,Net Banking,4.1,7.0
ORD100896,2024-11-22,CUST1146,Male,40,Bengaluru,South,Store D,Beauty,Face Wash,4,704.11,0.078,2596.76,1660.83,935.92,Cash,4.4,
ORD100897,2024-11-23,CUST1033,Female,52,Visakhapatnam,South,Store D,Electronics,Laptop,5,27556.18,0.03,133647.47,100498.92,33148.55,Credit Card,3.9,1.0
ORD100898,2024-11-23,CUST1515,Female,49,Visakhapatnam,South,Store D,Electronics,Headphones,3,26714.28,0.216,62831.99,48037.65,14794.34,Credit Card,4.3,3.0
ORD100899,2024-11-23,CUST1257,Female,27,Pune,West,Store C,Electronics,Smartwatch,4,20776.92,0.123,72885.44,55901.54,16983.9,Debit Card,3.5,4.0
ORD100900,2024-11-24,CUST1126,Female,44,Mumbai,West,Store C,Home & Kitchen,Chair,5,4073.56,0.143,17455.2,11747.21,5708.0,Cash,3.1,5.0
ORD100901,2024-11-24,CUST1113,Male,25,Hyderabad,South,Store B,Home & Kitchen,Mixer,5,1832.33,0.142,7860.7,5361.28,2499.42,Credit Card,4.3,2.0
ORD100902,2024-11-25,CUST1342,Male,43,Chennai,South,Store C,Electronics,Smartphone,5,31933.97,0.103,143223.86,111272.23,31951.63,UPI,5.0,6.0
ORD100903,2024-11-25,CUST1048,Male,29,Mumbai,West,Store B,Beauty,Lip Balm,3,892.66,0.048,2549.44,1692.43,857.0,Debit Card,3.5,6.0
ORD100904,2024-11-25,CUST1364,Female,24,Guntur,South,Online,Grocery,Juice,3,352.26,0.186,860.22,751.17,109.05,Cash,4.7,4.0
ORD100905,2024-11-26,CUST1398,Male,38,Bengaluru,South,Store B,Grocery,Rice,7,482.93,0.032,3272.33,2908.57,363.77,UPI,4.0,6.0
ORD100906,2024-11-26,CUST1195,Male,18,Pune,West,Store A,Clothing,Jeans,3,2016.49,0.026,5892.18,3611.77,2280.42,Credit Card,,4.0
ORD100907,2024-11-26,CUST1321,Male,18,Bengaluru,South,Store C,Beauty,Perfume,2,1257.37,0.178,2067.12,1339.67,727.45,Credit Card,3.4,3.0
ORD100908,2024-11-27,CUST1138,Male,33,Mumbai,West,Store D,Home & Kitchen,Mixer,3,2757.34,0.052,7841.87,5460.95,2380.92,Credit Card,4.0,5.0
ORD100909,2024-11-27,CUST1355,Female,36,Visakhapatnam,South,Store C,Electronics,Laptop,3,21457.37,0.077,59415.46,44427.2,14988.25,Credit Card,3.8,2.0
ORD100910,2024-11-27,CUST1070,Female,31,Chennai,South,Store B,Clothing,Shoes,3,1233.48,0.119,3260.09,2003.59,1256.5,Net Banking,3.3,6.0
ORD100911,2024-11-28,CUST1582,Male,18,Bengaluru,South,Store D,Grocery,Rice,4,466.3,0.112,1656.3,1468.97,187.32,Debit Card,3.1,5.0
ORD100912,2024-11-28,CUST1483,Male,26,Guntur,South,Store B,Home & Kitchen,Mixer,3,4575.02,0.177,11295.72,7546.28,3749.45,Debit Card,3.5,5.0
ORD100913,2024-11-29,CUST1059,Male,39,Visakhapatnam,South,Online,Home & Kitchen,Mixer,2,3495.74,0.156,5900.81,3915.69,1985.12,Credit Card,4.1,5.0
ORD100914,2024-11-29,CUST1389,Female,41,Guntur,South,Online,Electronics,Tablet,5,31015.9,0.161,130111.7,101604.59,28507.11,Debit Card,4.0,1.0
ORD100915,2024-11-29,CUST1351,Female,35,Chennai,South,Store C,Grocery,Snacks,4,718.31,0.179,2358.93,2072.38,286.55,UPI,3.7,5.0
ORD100916,2024-11-30,CUST1339,Female,48,Bengaluru,South,Store B,Beauty,Perfume,1,994.19,0.073,921.61,594.42,327.19,UPI,4.1,7.0
ORD100917,2024-11-30,CUST1596,Male,39,Vijayawada,South,Online,Home & Kitchen,Mixer,3,3313.43,0.081,9135.13,6206.77,2928.35,Debit Card,4.6,4.0
ORD100918,2024-11-30,CUST1436,Female,27,Mumbai,West,Store A,Electronics,Tablet,7,40198.35,0.109,250717.11,189040.95,61676.16,Credit Card,4.2,1.0
ORD100919,2024-12-01,CUST1450,Female,32,Bengaluru,South,Store C,Beauty,Perfume,7,1705.52,0.077,11019.36,7088.18,3931.18,Cash,3.9,7.0
ORD100920,2024-12-01,CUST1377,Female,20,Mumbai,West,Store B,Grocery,Snacks,5,249.14,0.246,939.26,830.73,108.53,Credit Card,4.5,1.0
ORD100921,2024-12-01,CUST1391,Female,34,Chennai,South,Online,Home & Kitchen,Bedsheet,5,3887.15,0.204,15470.86,10565.36,4905.5,Net Banking,3.5,5.0
ORD100922,2024-12-02,CUST1481,Female,47,Bengaluru,South,Store A,Beauty,Lip Balm,4,1200.2,0.041,4603.97,3061.47,1542.5,Cash,3.9,6.0
ORD100923,2024-12-02,CUST1114,Male,43,Mumbai,West,Store D,Beauty,Lip Balm,7,1489.26,0.001,10414.4,6557.48,3856.91,Net Banking,3.9,6.0
ORD100924,2024-12-03,CUST1172,Male,50,Pune,West,Online,Beauty,Face Wash,1,939.26,0.011,928.93,594.3,334.62,Debit Card,3.3,6.0
ORD100925,2024-12-03,CUST1018,Male,32,Mumbai,West,Store C,Home & Kitchen,Chair,6,2660.39,0.061,14988.64,10123.83,4864.81,Net Banking,3.8,6.0
ORD100926,2024-12-03,CUST1235,Male,50,Bengaluru,South,Store A,Home & Kitchen,Bedsheet,7,2823.93,0.029,19194.25,12797.15,6397.1,Debit Card,2.9,4.0
ORD100927,2024-12-04,CUST1310,Female,33,Hyderabad,South,Online,Clothing,Dress,7,1514.04,0.133,9188.71,5681.3,3507.41,Net Banking,5.0,6.0
ORD100928,2024-12-04,CUST1281,Male,51,Bengaluru,South,Store C,Grocery,Juice,2,622.3,0.214,978.26,847.62,130.64,Cash,3.5,2.0
ORD100929,2024-12-04,CUST1196,Male,35,Bengaluru,South,Store D,Electronics,Tablet,6,16731.59,0.184,81917.86,62845.05,19072.82,Net Banking,4.9,5.0
ORD100930,2024-12-05,CUST1115,Male,43,Mumbai,West,Store B,Beauty,Lip Balm,5,982.09,0.054,4645.29,3089.13,1556.15,Credit Card,4.0,1.0
ORD100931,2024-12-05,CUST1397,Female,51,Guntur,South,Store C,Clothing,Dress,6,905.49,0.1,4889.65,3056.93,1832.72,Debit Card,4.3,2.0
ORD100932,2024-12-05,CUST1563,Male,33,Vijayawada,South,Store C,Electronics,Tablet,7,32049.82,0.127,195856.45,151932.48,43923.97,UPI,3.7,6.0
ORD100933,2024-12-06,CUST1418,Female,37,Guntur,South,Store A,Clothing,T-Shirt,5,2435.52,0.203,9705.55,6024.6,3680.95,Net Banking,4.1,2.0
ORD100934,2024-12-06,CUST1284,Female,49,Mumbai,West,Store A,Home & Kitchen,Lamp,6,3172.93,0.21,15039.69,10535.89,4503.79,Debit Card,4.4,1.0
ORD100935,2024-12-07,CUST1585,Female,34,Guntur,South,Online,Beauty,Shampoo,5,1095.72,0.227,4234.96,2827.39,1407.57,UPI,4.4,6.0
ORD100936,2024-12-07,CUST1328,Male,20,Visakhapatnam,South,Store B,Electronics,Smartwatch,5,28172.55,0.127,122973.18,94353.05,28620.13,Debit Card,4.4,2.0
ORD100937,2024-12-07,CUST1341,Female,59,Hyderabad,South,Store B,Electronics,Smartphone,4,35321.37,0.174,116701.81,87108.61,29593.19,Debit Card,3.8,4.0
ORD100938,2024-12-08,CUST1221,Male,30,Guntur,South,Store C,Electronics,Tablet,1,27860.28,0.028,27080.19,20377.64,6702.55,UPI,3.7,4.0
ORD100939,2024-12-08,CUST1009,Male,37,Pune,West,Online,Electronics,Laptop,5,20117.21,0.141,86403.42,65999.84,20403.57,UPI,3.1,5.0
ORD100940,2024-12-08,CUST1082,Male,48,Chennai,South,Store A,Electronics,Headphones,2,13668.24,0.062,25641.62,19647.76,5993.86,Cash,4.3,5.0
ORD100941,2024-12-09,CUST1294,Female,28,Pune,West,Store D,Clothing,Shoes,7,1242.44,0.108,7757.8,4870.3,2887.49,Net Banking,4.6,7.0
ORD100942,2024-12-09,CUST1375,Female,24,Chennai,South,Store A,Beauty,Face Wash,7,1225.63,0.159,7215.28,4656.03,2559.25,Net Banking,4.9,2.0
ORD100943,2024-12-10,CUST1534,Male,38,Bengaluru,South,Store A,Home & Kitchen,Chair,2,2844.67,0.064,5325.22,3621.61,1703.62,Debit Card,4.2,1.0
ORD100944,2024-12-10,CUST1415,Female,18,Visakhapatnam,South,Store A,Home & Kitchen,Cookware Set,3,3694.97,0.013,10940.81,7354.55,3586.25,Credit Card,3.6,4.0
ORD100945,2024-12-10,CUST1099,Female,32,Hyderabad,South,Online,Home & Kitchen,Cookware Set,5,2947.08,0.003,14691.19,10062.14,4629.05,Credit Card,3.1,3.0
ORD100946,2024-12-11,CUST1382,Female,38,Pune,West,Store A,Home & Kitchen,Cookware Set,5,2441.85,0.006,12135.99,8528.02,3607.97,Debit Card,4.6,5.0
ORD100947,2024-12-11,CUST1504,Male,32,Hyderabad,South,Store A,Clothing,Dress,5,1211.48,0.002,6045.29,3816.89,2228.4,Cash,3.0,7.0
ORD100948,2024-12-11,CUST1447,Female,18,Pune,West,Store C,Grocery,Rice,6,734.35,0.028,4282.73,3718.6,564.13,UPI,3.8,4.0
ORD100949,2024-12-12,CUST1344,Female,53,Bengaluru,South,Online,Beauty,Moisturizer,5,1511.15,0.06,7102.4,4629.78,2472.63,Debit Card,3.9,7.0
ORD100950,2024-12-12,CUST1425,Male,36,Chennai,South,Store B,Electronics,Smartphone,5,37113.63,0.055,175361.9,132384.88,42977.02,Net Banking,4.0,6.0
ORD100951,2024-12-12,CUST1306,Female,51,Vijayawada,South,Store C,Grocery,Juice,2,580.99,0.247,874.97,745.59,129.38,Credit Card,4.0,2.0
ORD100952,2024-12-13,CUST1148,Male,32,Visakhapatnam,South,Store A,Home & Kitchen,Bedsheet,1,3070.01,0.077,2833.62,1900.93,932.69,Credit Card,4.1,7.0
ORD100953,2024-12-13,CUST1454,Female,25,Pune,West,Store C,Grocery,Coffee,1,698.5,0.032,676.15,580.18,95.97,Credit Card,2.7,4.0
ORD100954,2024-12-14,CUST1033,Female,38,Pune,West,Store D,Beauty,Moisturizer,3,1188.43,0.136,3080.41,1956.49,1123.92,Cash,4.0,4.0
ORD100955,2024-12-14,CUST1501,Female,33,Bengaluru,South,Store D,Electronics,Laptop,2,26545.89,0.214,41730.14,32404.67,9325.47,Net Banking,2.8,2.0
ORD100956,2024-12-14,CUST1319,Female,22,Visakhapatnam,South,Store B,Electronics,Laptop,5,24700.23,0.17,102505.95,77237.99,25267.97,Cash,4.4,5.0
ORD100957,2024-12-15,CUST1193,Female,51,Chennai,South,Store B,Beauty,Moisturizer,1,168.58,0.074,156.11,98.46,57.64,UPI,3.7,5.0
ORD100958,2024-12-15,CUST1180,Female,28,Chennai,South,Store A,Beauty,Shampoo,4,1761.66,0.14,6060.11,4014.09,2046.02,Debit Card,2.8,3.0
ORD100959,2024-12-15,CUST1518,Male,18,Pune,West,Store C,Home & Kitchen,Bedsheet,4,3991.0,0.179,13106.44,8839.97,4266.47,Debit Card,3.6,3.0
ORD100960,2024-12-16,CUST1391,Female,50,Vijayawada,South,Store A,Electronics,Laptop,4,27308.76,0.182,89354.26,68096.91,21257.36,Credit Card,3.7,5.0
ORD100961,2024-12-16,CUST1521,Female,29,Vijayawada,South,Online,Grocery,Cooking Oil,5,490.73,0.167,2043.89,1772.03,271.87,Credit Card,4.7,5.0
ORD100962,2024-12-16,CUST1357,Female,28,Hyderabad,South,Online,Clothing,Shoes,5,1881.71,0.218,7357.49,4468.31,2889.18,UPI,4.1,7.0
ORD100963,2024-12-17,CUST1573,Male,18,Visakhapatnam,South,Online,Clothing,T-Shirt,3,1501.36,0.218,3522.19,2232.32,1289.87,Cash,4.2,5.0
ORD100964,2024-12-17,CUST1464,Male,54,Visakhapatnam,South,Online,Beauty,Shampoo,7,1415.8,0.145,8473.56,5485.27,2988.29,Net Banking,4.6,5.0
ORD100965,2024-12-18,CUST1099,Male,21,Chennai,South,Store D,Home & Kitchen,Cookware Set,3,2192.9,0.107,5874.78,4106.91,1767.87,UPI,3.9,4.0
ORD100966,2024-12-18,CUST1148,Female,36,Hyderabad,South,Store D,Clothing,Jacket,3,1893.03,0.16,4770.44,2921.51,1848.93,Debit Card,4.4,3.0
ORD100967,2024-12-18,CUST1570,Female,45,Bengaluru,South,Store B,Electronics,Headphones,6,28931.01,0.205,138000.92,105067.83,32933.09,Debit Card,4.4,2.0
ORD100968,2024-12-19,CUST1316,Male,40,Visakhapatnam,South,Store D,Beauty,Lip Balm,4,1130.47,0.001,4517.36,2893.16,1624.2,Cash,3.3,1.0
ORD100969,2024-12-19,CUST1182,Male,34,Hyderabad,South,Store C,Grocery,Cooking Oil,5,555.63,0.248,2089.17,1805.22,283.95,UPI,4.8,2.0
ORD100970,2024-12-19,CUST1547,Male,18,Hyderabad,South,Store C,Beauty,Shampoo,4,853.03,0.046,3255.16,2028.76,1226.41,Net Banking,3.2,6.0
ORD100971,2024-12-20,CUST1303,Female,26,Pune,West,Online,Grocery,Snacks,3,355.13,0.118,939.67,809.73,129.94,UPI,4.5,1.0
ORD100972,2024-12-20,CUST1558,Male,37,Chennai,South,Store B,Beauty,Face Wash,5,1282.85,0.218,5015.94,3127.78,1888.17,UPI,3.2,4.0
ORD100973,2024-12-20,CUST1599,Female,26,Hyderabad,South,Store B,Beauty,Face Wash,2,1437.49,0.056,2713.98,1748.15,965.83,Cash,4.3,6.0
ORD100974,2024-12-21,CUST1004,Female,37,Mumbai,West,Online,Beauty,Moisturizer,1,543.8,0.119,479.09,294.87,184.22,Net Banking,5.0,
ORD100975,2024-12-21,CUST1107,Female,42,Vijayawada,South,Store A,Grocery,Snacks,1,578.3,0.033,559.22,464.9,94.32,Debit Card,3.9,1.0
ORD100976,2024-12-22,CUST1075,Male,46,Mumbai,West,Store C,Grocery,Coffee,3,418.52,0.099,1131.26,987.22,144.04,Credit Card,3.9,5.0
ORD100977,2024-12-22,CUST1040,Female,22,Vijayawada,South,Online,Beauty,Perfume,7,1132.52,0.044,7578.82,4802.7,2776.12,Net Banking,4.3,6.0
ORD100978,2024-12-22,CUST1119,Male,59,Guntur,South,Store D,Clothing,Shoes,4,1130.24,0.091,4109.55,2502.62,1606.94,Debit Card,3.8,4.0
ORD100979,2024-12-23,CUST1073,Male,43,Chennai,South,Store D,Home & Kitchen,Cookware Set,2,2648.38,0.093,4804.16,3341.56,1462.6,Cash,5.0,1.0
ORD100980,2024-12-23,CUST1552,Male,35,Pune,West,Store B,Home & Kitchen,Lamp,5,4466.13,0.248,16792.65,11486.34,5306.31,Net Banking,4.1,5.0
ORD100981,2024-12-23,CUST1204,Male,47,Bengaluru,South,Store B,Home & Kitchen,Bedsheet,7,3532.86,0.249,18572.25,12827.37,5744.87,Net Banking,3.8,6.0
ORD100982,2024-12-24,CUST1096,Female,61,Mumbai,West,Online,Grocery,Cooking Oil,4,442.58,0.029,1718.98,1473.9,245.08,Debit Card,3.7,4.0
ORD100983,2024-12-24,CUST1279,Female,19,Mumbai,West,Store D,Grocery,Rice,3,482.53,0.181,1185.58,1068.77,116.8,Debit Card,3.5,6.0
ORD100984,2024-12-24,CUST1143,Female,33,Guntur,South,Store C,Clothing,T-Shirt,4,2044.61,0.013,8072.12,4950.26,3121.86,UPI,3.7,1.0
ORD100985,2024-12-25,CUST1115,Female,18,Vijayawada,South,Store A,Home & Kitchen,Chair,3,3940.49,0.008,11726.9,8224.69,3502.21,UPI,3.8,5.0
ORD100986,2024-12-25,CUST1476,Male,37,Pune,West,Store A,Home & Kitchen,Bedsheet,6,3424.97,0.026,20015.52,13595.52,6420.0,Net Banking,3.7,3.0
ORD100987,2024-12-26,CUST1133,Male,39,Guntur,South,Online,Beauty,Perfume,1,1582.54,0.241,1201.15,745.84,455.31,Credit Card,3.6,7.0
ORD100988,2024-12-26,CUST1168,Male,35,Chennai,South,Store C,Grocery,Rice,7,645.57,0.235,3457.03,2998.88,458.14,Cash,5.0,4.0
ORD100989,2024-12-26,CUST1245,Male,28,Pune,West,Store D,Home & Kitchen,Lamp,1,3913.37,0.048,3725.53,2547.71,1177.82,Debit Card,3.4,1.0
ORD100990,2024-12-27,CUST1277,Female,18,Chennai,South,Store A,Clothing,Jeans,4,1827.31,0.04,7016.87,4268.13,2748.74,UPI,4.1,5.0
ORD100991,2024-12-27,CUST1259,Male,39,Hyderabad,South,Store D,Clothing,Shoes,2,2128.66,0.06,4001.88,2439.98,1561.9,Cash,4.3,3.0
ORD100992,2024-12-27,CUST1046,Female,51,Visakhapatnam,South,Online,Home & Kitchen,Lamp,5,3814.27,0.129,16611.15,11290.56,5320.59,Net Banking,4.3,6.0
ORD100993,2024-12-28,CUST1346,Male,28,Hyderabad,South,Store D,Grocery,Rice,3,659.12,0.142,1696.57,1468.24,228.34,Debit Card,4.0,
ORD100994,2024-12-28,CUST1237,Male,40,Chennai,South,Store A,Clothing,T-Shirt,5,2249.78,0.055,10630.21,6297.63,4332.58,Debit Card,3.9,7.0
ORD100995,2024-12-28,CUST1053,Male,18,Mumbai,West,Store D,Beauty,Face Wash,1,843.61,0.189,684.17,446.17,238.0,UPI,4.2,3.0
ORD100996,2024-12-29,CUST1148,Male,40,Pune,West,Online,Clothing,Dress,2,1257.02,0.077,2320.46,1425.88,894.58,Credit Card,4.1,1.0
ORD100997,2024-12-29,CUST1533,Female,31,Vijayawada,South,Store C,Electronics,Tablet,2,20091.25,,30900.34,22921.31,7979.03,Debit Card,3.9,5.0
ORD100998,2024-12-30,CUST1090,Female,27,Bengaluru,South,Online,Electronics,Headphones,5,31832.97,0.164,133061.81,102839.99,30221.83,Credit Card,3.1,7.0
ORD100999,2024-12-30,CUST1233,Female,27,Vijayawada,South,Store D,Grocery,Cooking Oil,1,263.55,0.109,234.82,201.86,32.96,Cash,3.7,5.0
ORD101000,2024-12-30,CUST1051,Female,31,Pune,West,Online,Home & Kitchen,Chair,5,3894.76,0.197,15637.46,10866.25,4771.21,Debit Card,3.4,2.0
ORD101001,2024-12-31,CUST1394,Male,39,Hyderabad,South,Store D,Grocery,Snacks,4,554.38,0.204,1765.15,1529.99,235.15,Debit Card,3.6,4.0
ORD101002,2024-12-31,CUST1214,Male,21,Bengaluru,South,Store A,Grocery,Juice,2,674.4,0.073,1250.34,1075.26,175.08,Credit Card,4.0,5.0
ORD101003,2024-12-31,CUST1451,Female,31,Pune,West,Store B,Grocery,Rice,2,527.05,,964.5,827.19,137.31,UPI,4.2,7.0
ORD101004,2025-01-01,CUST1339,Female,35,Chennai,South,Store B,Grocery,Juice,4,298.52,0.234,914.67,793.45,121.22,Net Banking,5.0,3.0
ORD101005,2025-01-01,CUST1351,Male,23,Mumbai,West,Online,Beauty,Shampoo,1,864.23,0.041,828.8,526.48,302.32,Cash,3.7,4.0
ORD101006,2025-01-02,CUST1285,Male,55,Vijayawada,South,Online,Beauty,Moisturizer,2,786.3,0.011,1555.3,980.12,575.18,Debit Card,4.4,1.0
ORD101007,2025-01-02,CUST1583,Female,26,Chennai,South,Store D,Clothing,Dress,7,1531.03,0.114,9495.45,5951.81,3543.64,UPI,4.2,7.0
ORD101008,2025-01-02,CUST1245,Female,28,Bengaluru,South,Store B,Electronics,Smartphone,6,23719.69,0.2,113854.51,86304.39,27550.13,Debit Card,4.7,4.0
ORD101009,2025-01-03,CUST1550,Female,24,Bengaluru,South,Store B,Grocery,Snacks,6,325.18,0.193,1574.52,1354.91,219.61,Cash,4.3,2.0
ORD101010,2025-01-03,CUST1584,Male,55,Vijayawada,South,Online,Clothing,Jacket,6,2535.33,0.23,11713.22,7404.6,4308.62,Net Banking,3.4,1.0
ORD101011,2025-01-03,CUST1226,Female,41,Chennai,South,Store C,Electronics,Smartwatch,3,15723.03,0.133,40895.6,31016.95,9878.65,Debit Card,3.1,5.0
ORD101012,2025-01-04,CUST1441,Female,25,Guntur,South,Store B,Home & Kitchen,Chair,7,4846.1,0.025,33074.63,22496.84,10577.8,Credit Card,4.2,7.0
ORD101013,2025-01-04,CUST1474,Female,47,Chennai,South,Store D,Beauty,Face Wash,3,1614.81,0.147,4132.3,2616.13,1516.17,UPI,3.7,6.0
ORD101014,2025-01-04,CUST1444,Female,37,Bengaluru,South,Store A,Electronics,Headphones,1,31288.12,0.195,25186.94,19290.49,5896.45,Net Banking,3.5,1.0
ORD101015,2025-01-05,CUST1412,Female,38,Chennai,South,Store B,Home & Kitchen,Cookware Set,4,2806.23,0.023,10966.75,7504.35,3462.4,Debit Card,3.3,7.0
ORD101016,2025-01-05,CUST1246,Male,31,Mumbai,West,Store C,Electronics,Headphones,5,27397.16,0.043,131095.41,101247.95,29847.46,Net Banking,4.1,1.0
ORD101017,2025-01-06,CUST1583,Female,27,Pune,West,Store A,Beauty,Face Wash,7,752.92,0.003,5254.63,3327.91,1926.72,Credit Card,4.8,2.0
ORD101018,2025-01-06,CUST1500,Male,39,Hyderabad,South,Online,Beauty,Moisturizer,1,1518.82,0.148,1294.03,821.36,472.68,Debit Card,3.8,3.0
ORD101019,2025-01-06,CUST1550,Female,29,Mumbai,West,Store B,Clothing,Dress,5,1763.01,0.222,6858.11,4312.65,2545.45,Net Banking,4.3,1.0
ORD101020,2025-01-07,CUST1117,Female,55,Guntur,South,Store A,Grocery,Rice,1,438.6,0.168,364.92,315.25,49.66,Debit Card,3.9,7.0
ORD101021,2025-01-07,CUST1364,Female,21,Visakhapatnam,South,Store B,Electronics,Smartphone,3,16433.79,0.246,37173.23,27790.82,9382.41,Debit Card,3.3,3.0
ORD101022,2025-01-07,CUST1204,Male,52,Pune,West,Online,Electronics,Smartwatch,6,7657.46,0.016,45209.64,35167.39,10042.25,Net Banking,4.4,4.0
ORD101023,2025-01-08,CUST1351,Male,34,Hyderabad,South,Store C,Home & Kitchen,Lamp,4,2461.46,0.226,7620.68,5023.64,2597.04,Debit Card,3.4,6.0
ORD101024,2025-01-08,CUST1319,Male,38,Visakhapatnam,South,Store D,Beauty,Moisturizer,3,1589.48,0.204,3795.68,2463.53,1332.15,Credit Card,4.0,2.0
ORD101025,2025-01-08,CUST1359,Female,44,Vijayawada,South,Store A,Electronics,Tablet,4,22180.17,0.079,81711.75,60686.65,21025.09,Net Banking,3.8,5.0
ORD101026,2025-01-09,CUST1517,Female,28,Visakhapatnam,South,Store A,Beauty,Face Wash,7,1140.73,0.243,6044.73,3999.94,2044.78,Net Banking,4.5,7.0
ORD101027,2025-01-09,CUST1489,Male,45,Pune,West,Store C,Electronics,Laptop,5,29588.88,0.072,137292.4,101441.22,35851.18,Credit Card,3.4,7.0
ORD101028,2025-01-10,CUST1107,Male,18,Chennai,South,Online,Clothing,Dress,1,2702.83,0.222,2102.8,1330.78,772.02,Credit Card,4.2,7.0
ORD101029,2025-01-10,CUST1172,Female,27,Pune,West,Online,Grocery,Snacks,2,698.75,0.22,1090.05,936.07,153.98,Credit Card,3.5,1.0
ORD101030,2025-01-10,CUST1519,Male,25,Mumbai,West,Store A,Electronics,Tablet,2,18193.65,0.189,29510.1,22279.68,7230.42,Debit Card,3.7,6.0
ORD101031,2025-01-11,CUST1528,Female,21,Visakhapatnam,South,Store C,Beauty,Shampoo,4,520.1,0.141,1787.06,1147.54,639.53,Debit Card,2.0,6.0
ORD101032,2025-01-11,CUST1320,Male,33,Bengaluru,South,Online,Clothing,Dress,6,2979.81,0.03,17342.49,10874.65,6467.85,Cash,5.0,3.0
ORD101033,2025-01-11,CUST1037,Male,39,Hyderabad,South,Store C,Electronics,Smartphone,6,40882.94,0.133,212673.05,159000.29,53672.77,Debit Card,4.3,1.0
ORD101034,2025-01-12,CUST1499,Male,43,Hyderabad,South,Online,Home & Kitchen,Chair,4,3688.45,0.089,13440.71,9005.48,4435.24,Credit Card,3.6,7.0
ORD101035,2025-01-12,CUST1265,Female,38,Visakhapatnam,South,Store A,Grocery,Snacks,3,309.43,0.198,744.49,647.75,96.74,Cash,3.4,6.0
ORD101036,2025-01-12,CUST1402,Female,28,Hyderabad,South,Online,Electronics,Headphones,2,31742.59,0.19,51423.0,37880.42,13542.58,Credit Card,3.7,7.0
ORD101037,2025-01-13,CUST1218,Male,39,Bengaluru,South,Online,Clothing,Jacket,3,1746.01,0.228,4043.76,2480.77,1562.99,UPI,4.4,7.0
ORD101038,2025-01-13,CUST1330,Female,36,Pune,West,Online,Home & Kitchen,Bedsheet,5,3387.02,0.004,16867.36,12097.57,4769.79,Net Banking,3.0,7.0
ORD101039,2025-01-14,CUST1186,Female,45,Hyderabad,South,Store D,Clothing,T-Shirt,2,2247.23,0.202,3586.58,2184.93,1401.65,UPI,3.9,2.0
ORD101040,2025-01-14,CUST1381,Female,44,Visakhapatnam,South,Store C,Clothing,T-Shirt,5,1967.19,0.235,7524.5,4761.58,2762.93,Credit Card,5.0,5.0
ORD101041,2025-01-14,CUST1209,Female,35,Guntur,South,Online,Home & Kitchen,Lamp,1,2314.19,0.197,1858.29,1250.31,607.98,Debit Card,3.4,4.0
ORD101042,2025-01-15,CUST1563,Male,25,Guntur,South,Store B,Clothing,Jeans,3,1637.63,0.033,4750.76,2972.46,1778.3,Net Banking,4.0,4.0
ORD101043,2025-01-15,CUST1288,Female,28,Vijayawada,South,Store B,Home & Kitchen,Chair,4,4161.15,0.02,16311.71,11222.61,5089.1,Debit Card,5.0,3.0
ORD101044,2025-01-15,CUST1088,Female,29,Mumbai,West,Store D,Electronics,Smartwatch,2,28571.77,0.005,56857.82,44090.06,12767.76,Debit Card,4.3,6.0
ORD101045,2025-01-16,CUST1136,Male,32,Hyderabad,South,Online,Home & Kitchen,Mixer,3,3762.02,0.157,9514.15,6446.3,3067.85,Net Banking,4.1,4.0
ORD101046,2025-01-16,CUST1158,Female,38,Mumbai,West,Online,Home & Kitchen,Chair,4,4433.42,0.157,14949.49,10529.58,4419.91,Net Banking,4.3,3.0
ORD101047,2025-01-16,CUST1155,Female,43,Pune,West,Store B,Grocery,Rice,1,445.74,0.247,335.64,285.59,50.05,UPI,3.8,5.0
ORD101048,2025-01-17,CUST1463,Female,34,Visakhapatnam,South,Online,Home & Kitchen,Lamp,2,3678.67,0.1,6621.61,4521.68,2099.93,Credit Card,4.7,7.0
ORD101049,2025-01-17,CUST1220,Male,35,Hyderabad,South,Online,Home & Kitchen,Cookware Set,5,124.42,0.083,570.47,389.63,180.84,Debit Card,3.8,1.0
ORD101050,2025-01-18,CUST1459,Male,37,Chennai,South,Store A,Electronics,Tablet,1,21852.45,0.156,18443.47,13733.96,4709.51,Credit Card,2.9,2.0
ORD101051,2025-01-18,CUST1167,Female,29,Bengaluru,South,Store C,Grocery,Snacks,6,614.59,0.206,2927.91,2505.04,422.86,Credit Card,3.8,5.0
ORD101052,2025-01-18,CUST1322,Female,25,Hyderabad,South,Store B,Beauty,Perfume,4,1063.36,0.234,3258.14,2091.27,1166.87,Cash,3.5,5.0
ORD101053,2025-01-19,CUST1562,Male,18,Hyderabad,South,Store B,Electronics,Headphones,2,21736.41,0.201,34734.78,26193.1,8541.68,UPI,3.8,4.0
ORD101054,2025-01-19,CUST1512,Male,27,Mumbai,West,Online,Electronics,Tablet,2,17709.83,0.107,31629.76,25094.79,6534.97,Debit Card,3.9,4.0
ORD101055,2025-01-19,CUST1087,Male,40,Mumbai,West,Store D,Beauty,Moisturizer,7,1551.18,0.159,9131.8,5756.13,3375.67,Net Banking,4.7,2.0
ORD101056,2025-01-20,CUST1545,Female,27,Guntur,South,Store D,Home & Kitchen,Cookware Set,7,4048.46,0.214,22274.63,15468.31,6806.32,Net Banking,4.4,1.0
ORD101057,2025-01-20,CUST1275,Female,32,Bengaluru,South,Online,Clothing,Jacket,1,2212.71,0.123,1940.55,1221.69,718.86,Credit Card,4.1,5.0
ORD101058,2025-01-20,CUST1141,Male,40,Visakhapatnam,South,Store C,Grocery,Snacks,2,241.07,0.054,456.1,392.15,63.95,UPI,4.0,6.0
ORD101059,2025-01-21,CUST1353,Female,41,Hyderabad,South,Online,Clothing,Jacket,4,1719.77,0.042,6590.16,4022.27,2567.89,UPI,3.4,4.0
ORD101060,2025-01-21,CUST1005,Female,23,Guntur,South,Store C,Beauty,Shampoo,1,1101.96,0.0,1101.96,695.5,406.46,Debit Card,2.8,5.0
ORD101061,2025-01-22,CUST1382,Female,46,Mumbai,West,Online,Electronics,Headphones,5,23036.0,0.18,94447.6,71110.94,23336.66,Debit Card,4.1,1.0
ORD101062,2025-01-22,CUST1334,Female,47,Vijayawada,South,Store B,Electronics,Smartphone,1,20687.81,0.028,20108.55,14791.27,5317.28,Credit Card,4.4,3.0
ORD101063,2025-01-22,CUST1475,Female,23,Bengaluru,South,Online,Grocery,Snacks,1,448.08,0.061,420.75,355.31,65.44,Credit Card,,1.0
ORD101064,2025-01-23,CUST1030,Female,26,Guntur,South,Store B,Electronics,Tablet,5,30947.51,0.074,143286.97,105992.2,37294.77,Credit Card,3.7,5.0
ORD101065,2025-01-23,CUST1347,Female,48,Guntur,South,Store B,Electronics,Tablet,6,11610.04,0.14,59907.81,46632.93,13274.88,Cash,4.3,5.0
ORD101066,2025-01-23,CUST1594,Male,33,Pune,West,Online,Grocery,Cooking Oil,7,766.59,0.099,4834.88,4204.29,630.6,UPI,4.0,2.0
ORD101067,2025-01-24,CUST1493,Male,18,Guntur,South,Store C,Grocery,Juice,4,572.58,0.169,1903.26,1659.96,243.3,Credit Card,4.9,5.0
ORD101068,2025-01-24,CUST1495,Male,20,Pune,West,Store D,Beauty,Shampoo,6,1185.18,0.014,7011.52,4534.94,2476.59,UPI,4.7,4.0
ORD101069,2025-01-25,CUST1388,Male,32,Hyderabad,South,Store C,Electronics,Tablet,6,31347.84,0.031,182256.34,138931.11,43325.23,Net Banking,4.5,6.0
ORD101070,2025-01-25,CUST1253,Male,22,Hyderabad,South,Online,Electronics,Tablet,6,14837.16,0.125,77895.09,60756.78,17138.31,Net Banking,4.4,2.0
ORD101071,2025-01-25,CUST1030,Male,30,Mumbai,West,Store B,Beauty,Shampoo,7,967.35,0.084,6202.65,3926.05,2276.6,UPI,3.3,5.0
ORD101072,2025-01-26,CUST1342,Male,35,Vijayawada,South,Store A,Home & Kitchen,Chair,3,3378.92,0.074,9386.64,6395.17,2991.47,Net Banking,4.4,1.0
ORD101073,2025-01-26,CUST1287,Male,51,Chennai,South,Store B,Home & Kitchen,Lamp,7,4865.56,0.017,33479.92,23072.48,10407.43,Net Banking,4.2,5.0
ORD101074,2025-01-26,CUST1397,Male,32,Chennai,South,Store C,Home & Kitchen,Bedsheet,6,3453.5,0.224,16079.5,10674.03,5405.47,Net Banking,4.3,1.0
ORD101075,2025-01-27,CUST1509,Female,47,Chennai,South,Store A,Beauty,Moisturizer,3,1357.52,0.173,3368.01,2275.67,1092.34,Debit Card,4.3,1.0
ORD101076,2025-01-27,CUST1244,Female,51,Mumbai,West,Store B,Electronics,Smartphone,5,20872.95,0.03,101233.81,76977.25,24256.55,Debit Card,4.2,5.0
ORD101077,2025-01-27,CUST1221,Male,51,Pune,West,Store C,Beauty,Moisturizer,7,1370.39,0.016,9439.25,6056.56,3382.69,UPI,5.0,1.0
ORD101078,2025-01-28,CUST1156,Female,38,Mumbai,West,Store A,Beauty,Face Wash,4,1787.03,0.244,5403.98,3536.79,1867.19,UPI,4.0,6.0
ORD101079,2025-01-28,CUST1383,Female,18,Bengaluru,South,Store D,Home & Kitchen,Mixer,6,4495.53,0.17,22387.74,15474.38,6913.36,Cash,4.5,3.0
ORD101080,2025-01-29,CUST1320,Male,40,Bengaluru,South,Online,Clothing,Shoes,2,1759.27,0.104,3152.61,1955.96,1196.65,Debit Card,3.7,2.0
ORD101081,2025-01-29,CUST1373,Male,47,Vijayawada,South,Store A,Electronics,Tablet,5,29728.44,0.175,122629.81,93416.96,29212.85,UPI,4.4,5.0
ORD101082,2025-01-29,CUST1531,Male,34,Bengaluru,South,Store D,Home & Kitchen,Bedsheet,3,4077.52,0.189,9920.61,6563.37,3357.24,Debit Card,4.5,7.0
ORD101083,2025-01-30,CUST1215,Female,54,Chennai,South,Store D,Clothing,Dress,7,2053.29,0.195,11570.29,7101.73,4468.56,Cash,4.2,3.0
ORD101084,2025-01-30,CUST1367,Female,44,Chennai,South,Store C,Clothing,T-Shirt,4,2355.98,0.119,8302.47,5195.46,3107.02,UPI,4.9,1.0
ORD101085,2025-01-30,CUST1114,Male,41,Mumbai,West,Store D,Grocery,Juice,1,665.67,0.107,594.44,515.31,79.14,UPI,3.5,1.0
ORD101086,2025-01-31,CUST1200,Female,47,Guntur,South,Store C,Electronics,Smartwatch,4,24109.89,0.003,96150.24,74680.43,21469.82,UPI,3.7,2.0
ORD101087,2025-01-31,CUST1025,Female,39,Bengaluru,South,Store C,Clothing,Shoes,4,2120.94,0.232,6515.53,4030.87,2484.66,UPI,4.1,3.0
ORD101088,2025-01-31,CUST1121,Female,18,Mumbai,West,Store A,Home & Kitchen,Lamp,6,3116.91,0.151,15877.54,10527.12,5350.42,Credit Card,4.5,3.0
ORD101089,2025-02-01,CUST1003,Male,30,Hyderabad,South,Store D,Grocery,Rice,6,361.54,0.051,2058.61,1804.08,254.53,Debit Card,4.1,5.0
ORD101090,2025-02-01,CUST1445,Female,48,Hyderabad,South,Store D,Electronics,Laptop,7,23113.54,0.23,124581.98,97129.81,27452.17,Debit Card,4.7,1.0
ORD101091,2025-02-02,CUST1254,Female,26,Guntur,South,Store A,Beauty,Lip Balm,7,1173.3,0.229,6332.3,4118.2,2214.1,Debit Card,3.6,7.0
ORD101092,2025-02-02,CUST1020,Female,33,Guntur,South,Store C,Home & Kitchen,Cookware Set,3,1838.42,0.247,4152.99,2815.72,1337.27,Cash,3.4,4.0
ORD101093,2025-02-02,CUST1204,Female,24,Guntur,South,Online,Clothing,Shoes,7,2230.17,0.219,12192.34,7701.36,4490.98,Credit Card,4.2,7.0
ORD101094,2025-02-03,CUST1357,Female,55,Mumbai,West,Store C,Clothing,Shoes,3,416.34,0.249,938.01,617.46,320.55,Debit Card,4.0,5.0
ORD101095,2025-02-03,CUST1128,Female,53,Hyderabad,South,Store C,Home & Kitchen,Bedsheet,6,6214.82,0.061,35014.3,23859.07,11155.22,Debit Card,4.3,5.0
ORD101096,2025-02-03,CUST1358,Female,25,Chennai,South,Online,Clothing,Jacket,6,2550.94,0.211,12076.15,7310.43,4765.72,UPI,4.0,5.0
ORD101097,2025-02-04,CUST1292,Male,37,Guntur,South,Store D,Grocery,Snacks,2,460.85,0.206,731.83,622.73,109.1,UPI,3.8,2.0
ORD101098,2025-02-04,CUST1174,Male,28,Vijayawada,South,Store D,Electronics,Smartphone,2,25065.98,0.058,47224.31,36294.55,10929.76,UPI,4.0,2.0
ORD101099,2025-02-04,CUST1355,Female,42,Pune,West,Online,Grocery,Cooking Oil,5,545.45,0.025,2659.07,2220.74,438.33,Debit Card,4.0,5.0
ORD101100,2025-02-05,CUST1037,Male,41,Mumbai,West,Online,Clothing,Shoes,6,1505.42,0.245,6819.55,4241.02,2578.54,UPI,3.8,6.0
ORD101101,2025-02-05,CUST1310,Female,44,Guntur,South,Store C,Beauty,Perfume,1,1267.42,0.074,1173.63,756.27,417.36,Debit Card,3.9,4.0
ORD101102,2025-02-06,CUST1582,Female,39,Pune,West,Store C,Electronics,Smartphone,2,23992.0,0.218,37523.49,29305.86,8217.63,Cash,3.8,3.0
ORD101103,2025-02-06,CUST1084,Female,67,Visakhapatnam,South,Store C,Electronics,Laptop,3,24340.09,0.001,72947.25,56747.38,16199.87,Cash,4.5,3.0
ORD101104,2025-02-06,CUST1510,Male,24,Guntur,South,Online,Home & Kitchen,Lamp,4,3681.46,0.005,14652.21,10118.56,4533.65,Net Banking,4.1,1.0
ORD101105,2025-02-07,CUST1444,Female,18,Hyderabad,South,Store D,Home & Kitchen,Chair,7,2186.47,0.116,13529.88,8842.16,4687.71,Credit Card,5.0,3.0
ORD101106,2025-02-07,CUST1420,Female,31,Bengaluru,South,Store A,Beauty,Lip Balm,7,1213.85,0.06,7987.13,5196.51,2790.62,UPI,4.1,7.0
ORD101107,2025-02-07,CUST1205,Male,18,Guntur,South,Online,Electronics,Smartwatch,5,26144.13,0.172,108236.7,83304.53,24932.17,UPI,3.7,3.0
ORD101108,2025-02-08,CUST1488,Male,19,Mumbai,West,Store C,Beauty,Perfume,2,1245.1,0.141,2139.08,1375.32,763.76,Credit Card,5.0,4.0
ORD101109,2025-02-08,CUST1088,Female,24,Bengaluru,South,Store A,Home & Kitchen,Chair,4,3284.17,0.019,12887.08,8490.29,4396.79,Credit Card,4.2,3.0
ORD101110,2025-02-08,CUST1252,Male,25,Visakhapatnam,South,Store D,Home & Kitchen,Bedsheet,4,4637.86,0.041,17790.83,11928.61,5862.22,Net Banking,4.5,7.0
ORD101111,2025-02-09,CUST1031,Male,24,Vijayawada,South,Store C,Electronics,Laptop,2,22524.43,0.097,40679.12,30266.81,10412.31,Credit Card,4.3,4.0
ORD101112,2025-02-09,CUST1421,Female,41,Bengaluru,South,Online,Grocery,Coffee,1,534.1,0.046,509.53,422.3,87.23,Debit Card,4.3,2.0
ORD101113,2025-02-10,CUST1061,Female,29,Pune,West,Store B,Clothing,Shoes,1,2448.65,0.198,1963.82,1217.5,746.31,UPI,4.3,4.0
ORD101114,2025-02-10,CUST1579,Female,33,Chennai,South,Online,Home & Kitchen,Bedsheet,5,3420.62,0.104,15324.38,10270.93,5053.45,Credit Card,3.4,2.0
ORD101115,2025-02-10,CUST1226,Male,45,Guntur,South,Store D,Home & Kitchen,Lamp,1,3714.46,0.023,3629.03,2584.35,1044.67,Debit Card,4.2,4.0
ORD101116,2025-02-11,CUST1335,Male,27,Visakhapatnam,South,Store A,Grocery,Cooking Oil,5,485.54,0.121,2133.95,1829.62,304.33,Credit Card,3.3,5.0
ORD101117,2025-02-11,CUST1579,Male,32,Visakhapatnam,South,Online,Grocery,Snacks,3,685.61,0.023,2009.52,1768.44,241.09,Debit Card,3.9,
ORD101118,2025-02-11,CUST1111,Female,39,Bengaluru,South,Store C,Beauty,Moisturizer,2,1109.8,0.032,2148.57,1336.25,812.32,Cash,3.6,6.0
ORD101119,2025-02-12,CUST1491,Male,18,Vijayawada,South,Store B,Beauty,Perfume,4,1649.17,0.06,6200.88,3930.7,2270.18,Debit Card,4.2,2.0
ORD101120,2025-02-12,CUST1272,Male,18,Hyderabad,South,Store C,Clothing,Shoes,5,1748.21,0.215,6861.72,4261.69,2600.04,Net Banking,4.2,2.0
ORD101121,2025-02-13,CUST1034,Female,39,Guntur,South,Online,Clothing,T-Shirt,7,1370.27,0.231,7376.16,4498.46,2877.7,Debit Card,4.3,3.0
ORD101122,2025-02-13,CUST1212,Female,40,Visakhapatnam,South,Store B,Electronics,Headphones,1,29755.61,0.207,23596.2,17796.83,5799.37,Credit Card,4.2,2.0
ORD101123,2025-02-13,CUST1300,Female,58,Vijayawada,South,Store B,Beauty,Moisturizer,7,1093.37,0.084,7010.69,4469.24,2541.45,Cash,3.7,4.0
ORD101124,2025-02-14,CUST1373,Male,37,Chennai,South,Store A,Home & Kitchen,Cookware Set,5,4120.5,,19201.53,13002.07,6199.46,Cash,3.9,5.0
ORD101125,2025-02-14,CUST1125,Female,44,Visakhapatnam,South,Store B,Beauty,Face Wash,6,244.71,0.137,1267.11,838.03,429.08,Debit Card,4.5,5.0
ORD101126,2025-02-14,CUST1103,Male,33,Vijayawada,South,Online,Home & Kitchen,Cookware Set,5,3505.21,0.18,14371.36,9839.06,4532.3,Credit Card,4.6,3.0
ORD101127,2025-02-15,CUST1120,Male,38,Mumbai,West,Store C,Grocery,Snacks,1,431.06,0.248,324.16,281.18,42.98,Cash,3.4,4.0
ORD101128,2025-02-15,CUST1547,Female,53,Hyderabad,South,Store B,Beauty,Lip Balm,6,827.86,0.033,4803.24,3103.94,1699.31,Debit Card,3.2,4.0
ORD101129,2025-02-15,CUST1331,Female,18,Hyderabad,South,Store A,Grocery,Juice,6,417.01,0.012,2472.04,2149.39,322.64,Debit Card,3.6,1.0
ORD101130,2025-02-16,CUST1309,Female,40,Visakhapatnam,South,Store B,Clothing,Dress,1,1513.15,0.174,1249.86,773.76,476.1,Debit Card,4.6,2.0
ORD101131,2025-02-16,CUST1570,Female,58,Pune,West,Online,Clothing,Shoes,6,1776.01,0.208,8439.6,5202.34,3237.26,Cash,4.7,3.0
ORD101132,2025-02-17,CUST1412,Female,38,Visakhapatnam,South,Store B,Electronics,Laptop,2,15428.71,0.212,24315.65,18535.38,5780.27,UPI,3.5,5.0
ORD101133,2025-02-17,CUST1399,Male,53,Bengaluru,South,Online,Beauty,Lip Balm,4,1310.7,0.17,4351.52,2842.97,1508.56,Credit Card,4.2,7.0
ORD101134,2025-02-17,CUST1306,Male,28,Guntur,South,Store C,Grocery,Coffee,7,704.93,0.239,3755.16,3294.91,460.25,Net Banking,5.0,6.0
ORD101135,2025-02-18,CUST1163,Male,35,Vijayawada,South,Store A,Home & Kitchen,Bedsheet,2,3780.93,0.128,6593.94,4464.48,2129.46,Net Banking,4.2,1.0
ORD101136,2025-02-18,CUST1065,Female,35,Visakhapatnam,South,Online,Clothing,Jacket,2,2204.49,0.228,3403.73,2139.48,1264.25,Credit Card,4.8,4.0
ORD101137,2025-02-18,CUST1216,Male,18,Guntur,South,Store C,Clothing,Shoes,1,2347.28,0.242,1779.24,1099.26,679.97,UPI,4.5,2.0
ORD101138,2025-02-19,CUST1026,Female,22,Bengaluru,South,Store D,Home & Kitchen,Cookware Set,1,4736.49,0.212,3732.35,2539.55,1192.81,Credit Card,3.5,5.0
ORD101139,2025-02-19,CUST1584,Female,23,Mumbai,West,Online,Grocery,Snacks,7,780.52,0.077,5042.94,4299.96,742.98,Debit Card,3.9,7.0
ORD101140,2025-02-19,CUST1044,Male,44,Mumbai,West,Store A,Grocery,Juice,4,425.12,0.049,1617.16,1386.21,230.95,Credit Card,4.0,1.0
ORD101141,2025-02-20,CUST1090,Male,45,Guntur,South,Store A,Beauty,Moisturizer,5,948.53,0.137,4092.91,2682.7,1410.2,Credit Card,4.1,4.0
ORD101142,2025-02-20,CUST1133,Female,39,Visakhapatnam,South,Online,Beauty,Lip Balm,2,1474.21,0.113,2615.25,1676.54,938.71,Cash,4.5,5.0
ORD101143,2025-02-21,CUST1161,Male,44,Hyderabad,South,Store B,Electronics,Headphones,6,29957.86,0.219,140382.53,106950.53,33432.01,Net Banking,4.2,5.0
ORD101144,2025-02-21,CUST1380,Female,33,Vijayawada,South,Store B,Clothing,Dress,4,2187.84,0.025,8532.58,5152.39,3380.19,Net Banking,2.4,4.0
ORD101145,2025-02-21,CUST1261,Male,48,Vijayawada,South,Store A,Beauty,Lip Balm,2,1861.25,0.064,3484.26,2217.51,1266.75,Debit Card,3.3,4.0
ORD101146,2025-02-22,CUST1383,Male,35,Mumbai,West,Store A,Grocery,Rice,5,501.71,0.188,2036.94,1744.16,292.78,Debit Card,2.8,3.0
ORD101147,2025-02-22,CUST1369,Male,36,Mumbai,West,Online,Home & Kitchen,Chair,6,3926.16,0.024,22991.59,15400.95,7590.64,Cash,4.1,5.0
ORD101148,2025-02-22,CUST1111,Male,32,Hyderabad,South,Store A,Grocery,Rice,2,352.94,0.08,649.41,558.71,90.7,Debit Card,4.1,4.0
ORD101149,2025-02-23,CUST1077,Male,43,Pune,West,Store C,Clothing,Jeans,3,2867.66,0.097,7768.49,4779.26,2989.24,UPI,4.2,6.0
ORD101150,2025-02-23,CUST1209,Female,30,Visakhapatnam,South,Store D,Grocery,Coffee,7,449.52,0.156,2655.76,2287.25,368.52,Cash,3.5,7.0
ORD101151,2025-02-23,CUST1013,Male,46,Mumbai,West,Store C,Electronics,Laptop,4,22842.49,0.04,87715.16,66809.32,20905.84,Cash,4.4,7.0
ORD101152,2025-02-24,CUST1570,Male,23,Mumbai,West,Store A,Clothing,Jacket,7,1626.63,0.215,8938.33,5446.43,3491.9,Credit Card,4.4,6.0
ORD101153,2025-02-24,CUST1548,Male,23,Mumbai,West,Online,Home & Kitchen,Bedsheet,1,2855.1,0.112,2535.33,1711.65,823.68,Credit Card,3.3,7.0
ORD101154,2025-02-25,CUST1025,Female,43,Vijayawada,South,Store A,Electronics,Smartphone,2,19893.94,0.229,30676.46,23346.58,7329.88,UPI,3.2,1.0
ORD101155,2025-02-25,CUST1546,Female,34,Visakhapatnam,South,Online,Clothing,Dress,6,1538.15,0.117,8149.12,5160.16,2988.96,Cash,4.0,7.0
ORD101156,2025-02-25,CUST1140,Female,30,Bengaluru,South,Online,Home & Kitchen,Chair,6,2134.2,0.069,11921.64,8144.18,3777.46,Cash,5.0,2.0
ORD101157,2025-02-26,CUST1275,Female,45,Visakhapatnam,South,Store C,Electronics,Smartwatch,4,19502.77,0.035,75280.69,56531.64,18749.05,Credit Card,4.9,7.0
ORD101158,2025-02-26,CUST1370,Female,28,Guntur,South,Store C,Electronics,Smartphone,4,38642.74,0.001,154416.39,118199.32,36217.07,Net Banking,4.3,6.0
ORD101159,2025-02-26,CUST1222,Male,33,Hyderabad,South,Store C,Clothing,Dress,7,2167.83,0.133,13156.56,8407.78,4748.78,Net Banking,3.6,3.0
ORD101160,2025-02-27,CUST1037,Male,50,Pune,West,Store C,Beauty,Perfume,6,1524.07,0.027,8897.52,5788.38,3109.15,Credit Card,4.5,4.0
ORD101161,2025-02-27,CUST1129,Male,52,Mumbai,West,Online,Electronics,Laptop,6,33240.46,0.098,179897.37,138069.46,41827.91,Debit Card,3.8,2.0
ORD101162,2025-02-27,CUST1316,Female,52,Mumbai,West,Online,Electronics,Headphones,6,37838.94,0.147,193659.69,149103.65,44556.05,Cash,3.6,3.0
ORD101163,2025-02-28,CUST1323,Female,32,Visakhapatnam,South,Store B,Home & Kitchen,Bedsheet,2,1728.58,0.069,3218.62,2245.39,973.23,UPI,2.8,5.0
ORD101164,2025-02-28,CUST1433,Male,49,Pune,West,Store D,Grocery,Rice,6,315.52,0.044,1809.82,1586.58,223.24,Net Banking,4.1,2.0
ORD101165,2025-03-01,CUST1218,Female,25,Mumbai,West,Online,Clothing,Jacket,1,1398.14,0.194,1126.9,705.81,421.09,Debit Card,3.7,6.0
ORD101166,2025-03-01,CUST1248,Female,25,Pune,West,Online,Clothing,Jeans,6,1565.14,0.237,7165.21,4527.88,2637.33,Cash,4.1,3.0
ORD101167,2025-03-01,CUST1111,Female,18,Bengaluru,South,Store C,Beauty,Face Wash,1,1094.8,0.025,1067.43,669.85,397.58,Debit Card,2.7,4.0
ORD101168,2025-03-02,CUST1147,Male,53,Chennai,South,Store C,Beauty,Perfume,2,1043.56,0.039,2005.72,1248.95,756.77,Cash,4.1,4.0
ORD101169,2025-03-02,CUST1344,Male,25,Hyderabad,South,Store B,Clothing,Shoes,4,1909.65,0.24,5805.34,3609.49,2195.85,Cash,2.7,7.0
ORD101170,2025-03-02,CUST1509,Female,34,Pune,West,Online,Beauty,Perfume,1,1212.35,0.009,1201.44,769.87,431.57,Credit Card,4.6,3.0
ORD101171,2025-03-03,CUST1505,Female,25,Vijayawada,South,Store A,Home & Kitchen,Cookware Set,2,2777.17,0.244,4199.08,2827.42,1371.66,Credit Card,4.3,5.0
ORD101172,2025-03-03,CUST1552,Female,43,Guntur,South,Store D,Clothing,Dress,6,712.23,0.001,4269.11,2686.19,1582.91,UPI,3.8,7.0
ORD101173,2025-03-03,CUST1134,Female,31,Vijayawada,South,Store B,Beauty,Perfume,2,852.5,0.218,1333.31,824.71,508.6,UPI,4.3,6.0
ORD101174,2025-03-04,CUST1464,Male,21,Mumbai,West,Store B,Clothing,Dress,6,1525.38,0.077,8447.55,5187.07,3260.49,Debit Card,3.5,3.0
ORD101175,2025-03-04,CUST1191,Female,40,Bengaluru,South,Store C,Grocery,Juice,7,462.94,0.235,2479.04,2113.37,365.68,Credit Card,4.0,1.0
ORD101176,2025-03-05,CUST1163,Male,19,Bengaluru,South,Online,Electronics,Headphones,2,17092.33,0.079,31484.07,23223.14,8260.94,Cash,4.4,3.0
ORD101177,2025-03-05,CUST1456,Male,26,Vijayawada,South,Store A,Clothing,T-Shirt,4,1554.6,0.164,5198.58,3309.84,1888.74,Credit Card,2.3,3.0
ORD101178,2025-03-05,CUST1061,Male,18,Hyderabad,South,Store D,Electronics,Smartwatch,1,17083.09,0.02,16741.43,12412.2,4329.23,Cash,3.8,6.0
ORD101179,2025-03-06,CUST1005,Female,19,Vijayawada,South,Store A,Beauty,Lip Balm,7,1155.96,0.061,7598.13,4811.3,2786.82,Credit Card,4.0,4.0
ORD101180,2025-03-06,CUST1037,Male,37,Visakhapatnam,South,Store A,Electronics,Laptop,4,17488.36,0.193,56452.43,43605.05,12847.38,Cash,3.9,7.0
ORD101181,2025-03-06,CUST1460,Male,18,Mumbai,West,Store C,Clothing,T-Shirt,3,1375.55,0.132,3581.93,2246.62,1335.31,Debit Card,4.8,5.0
ORD101182,2025-03-07,CUST1217,Female,19,Mumbai,West,Store C,Grocery,Rice,6,303.7,0.232,1399.45,1179.52,219.93,Credit Card,3.4,7.0
ORD101183,2025-03-07,CUST1139,Female,35,Vijayawada,South,Store B,Beauty,Face Wash,1,1146.27,0.107,1023.62,663.16,360.45,Net Banking,3.7,3.0
ORD101184,2025-03-08,CUST1099,Female,29,Guntur,South,Store B,Clothing,Jacket,4,1366.78,0.217,4280.75,2667.91,1612.84,Net Banking,2.9,2.0
ORD101185,2025-03-08,CUST1264,Male,57,Guntur,South,Store A,Beauty,Perfume,1,1517.37,0.112,1347.42,898.57,448.86,Cash,4.8,4.0
ORD101186,2025-03-08,CUST1599,Female,55,Mumbai,West,Store B,Home & Kitchen,Bedsheet,3,3905.85,0.245,8846.75,6059.53,2787.22,Debit Card,3.9,4.0
ORD101187,2025-03-09,CUST1596,Male,25,Chennai,South,Online,Electronics,Tablet,5,24511.04,0.24,93141.95,70607.92,22534.04,Cash,3.8,3.0
ORD101188,2025-03-09,CUST1224,Male,41,Guntur,South,Online,Home & Kitchen,Lamp,6,2702.51,0.082,14885.43,9966.04,4919.39,Debit Card,4.0,6.0
ORD101189,2025-03-09,CUST1011,Female,43,Vijayawada,South,Store B,Clothing,Shoes,6,1990.26,0.221,9302.48,5690.27,3612.2,UPI,4.3,2.0
ORD101190,2025-03-10,CUST1327,Male,28,Guntur,South,Store D,Grocery,Cooking Oil,2,603.61,0.212,951.29,805.95,145.34,Credit Card,4.2,3.0
ORD101191,2025-03-10,CUST1350,Male,19,Mumbai,West,Online,Beauty,Lip Balm,6,1249.94,0.053,7102.16,4657.56,2444.6,Debit Card,5.0,2.0
ORD101192,2025-03-10,CUST1379,Male,35,Hyderabad,South,Store A,Electronics,Headphones,6,36225.91,0.156,183448.01,139465.58,43982.43,Cash,4.2,4.0
ORD101193,2025-03-11,CUST1231,Male,33,Pune,West,Online,Beauty,Perfume,4,1360.87,0.018,5345.5,3455.93,1889.57,UPI,3.7,2.0
ORD101194,2025-03-11,CUST1141,Female,30,Guntur,South,Online,Clothing,Jeans,7,2256.8,0.209,12495.9,7958.63,4537.27,Cash,3.7,7.0
ORD101195,2025-03-12,CUST1049,Male,40,Visakhapatnam,South,Store A,Beauty,Shampoo,6,1246.75,0.044,7151.36,4382.57,2768.79,Net Banking,3.8,3.0
ORD101196,2025-03-12,CUST1451,Female,27,Hyderabad,South,Store A,Electronics,Tablet,6,29729.65,0.018,175167.1,136191.54,38975.56,Net Banking,3.2,1.0
ORD101197,2025-03-12,CUST1491,Male,22,Chennai,South,Online,Clothing,Dress,3,1401.61,0.1,3784.35,2348.63,1435.71,Credit Card,4.0,1.0
ORD101198,2025-03-13,CUST1205,Male,36,Visakhapatnam,South,Store C,Beauty,Shampoo,7,1039.56,0.144,6229.04,4017.81,2211.24,Credit Card,4.4,2.0
ORD101199,2025-03-13,CUST1409,Female,39,Vijayawada,South,Store A,Grocery,Rice,3,552.4,0.214,1302.56,1103.5,199.06,UPI,3.7,6.0
ORD101200,2025-03-13,CUST1407,Male,22,Pune,West,Store B,Clothing,Jacket,1,1971.05,0.244,1490.11,911.31,578.8,Net Banking,3.6,3.0
ORD101201,2025-03-14,CUST1051,Male,45,Vijayawada,South,Store C,Clothing,T-Shirt,1,2053.81,0.11,1827.89,1143.26,684.63,Debit Card,4.8,5.0
ORD101202,2025-03-14,CUST1175,Male,18,Pune,West,Store D,Grocery,Snacks,6,665.06,0.015,3930.5,3525.32,405.18,Net Banking,3.2,1.0
ORD101203,2025-03-14,CUST1261,Male,29,Pune,West,Online,Home & Kitchen,Bedsheet,6,2075.03,0.187,10122.0,7007.26,3114.74,Credit Card,2.9,4.0
ORD101204,2025-03-15,CUST1480,Male,32,Vijayawada,South,Online,Electronics,Smartphone,2,18178.83,0.141,31231.23,24276.42,6954.81,Cash,3.4,7.0
ORD101205,2025-03-15,CUST1223,Male,28,Visakhapatnam,South,Store B,Home & Kitchen,Cookware Set,1,3729.57,0.112,3311.86,2244.28,1067.58,UPI,3.2,3.0
ORD101206,2025-03-16,CUST1269,Female,29,Visakhapatnam,South,Store C,Beauty,Face Wash,4,946.47,0.077,3494.37,2212.23,1282.13,Net Banking,4.2,3.0
ORD101207,2025-03-16,CUST1318,Female,56,Pune,West,Store C,Grocery,Snacks,6,1006.67,0.126,5278.98,4476.11,802.86,Debit Card,3.8,7.0
ORD101208,2025-03-16,CUST1385,Female,26,Visakhapatnam,South,Store C,Home & Kitchen,Mixer,4,4015.72,0.085,14697.54,9906.48,4791.05,Debit Card,3.9,1.0
ORD101209,2025-03-17,CUST1586,Male,62,Pune,West,Store A,Clothing,Dress,6,1760.83,0.189,8568.2,5115.99,3452.2,Debit Card,4.6,7.0
ORD101210,2025-03-17,CUST1219,Male,40,Mumbai,West,Online,Beauty,Face Wash,4,1019.59,0.136,3523.7,2225.74,1297.96,UPI,3.6,7.0
ORD101211,2025-03-17,CUST1054,Male,36,Pune,West,Online,Beauty,Lip Balm,5,1031.94,0.219,4029.73,2553.01,1476.71,Debit Card,4.4,5.0
ORD101212,2025-03-18,CUST1200,Female,40,Mumbai,West,Store C,Home & Kitchen,Mixer,4,3530.14,0.136,12200.16,8269.93,3930.24,Debit Card,4.8,7.0
ORD101213,2025-03-18,CUST1339,Male,63,Hyderabad,South,Store D,Home & Kitchen,Lamp,7,3611.98,0.06,23766.83,16199.77,7567.06,Net Banking,3.7,4.0
ORD101214,2025-03-18,CUST1305,Female,24,Bengaluru,South,Store B,Grocery,Juice,1,431.5,0.213,339.59,293.95,45.64,UPI,4.4,5.0
ORD101215,2025-03-19,CUST1245,Male,23,Hyderabad,South,Store D,Electronics,Tablet,6,23087.93,0.139,119272.25,90622.55,28649.69,Cash,3.9,4.0
ORD101216,2025-03-19,CUST1208,Male,27,Vijayawada,South,Store D,Home & Kitchen,Chair,1,4844.28,0.052,4592.38,3090.13,1502.24,Cash,4.5,1.0
ORD101217,2025-03-20,CUST1511,Male,35,Bengaluru,South,Store C,Home & Kitchen,Mixer,7,4884.5,0.156,28857.63,18929.69,9927.93,Debit Card,3.1,3.0
ORD101218,2025-03-20,CUST1259,Female,18,Guntur,South,Online,Clothing,T-Shirt,7,1926.02,,12282.23,7536.12,4746.1,Credit Card,3.1,4.0
ORD101219,2025-03-20,CUST1380,Male,35,Vijayawada,South,Store D,Beauty,Moisturizer,4,730.56,0.211,2305.65,1449.78,855.86,UPI,3.8,3.0
ORD101220,2025-03-21,CUST1163,Female,54,Chennai,South,Store C,Electronics,Headphones,3,28769.52,0.113,76555.69,58670.43,17885.26,Credit Card,3.5,2.0
ORD101221,2025-03-21,CUST1341,Male,37,Hyderabad,South,Online,Clothing,Jeans,3,2577.14,0.182,6324.3,3985.24,2339.06,UPI,3.7,2.0
ORD101222,2025-03-21,CUST1576,Male,32,Visakhapatnam,South,Store A,Grocery,Rice,7,705.47,0.024,4819.77,4215.03,604.74,UPI,3.9,1.0
ORD101223,2025-03-22,CUST1530,Female,28,Hyderabad,South,Store C,Grocery,Cooking Oil,3,610.16,0.099,1649.26,1437.69,211.57,Net Banking,4.4,1.0
ORD101224,2025-03-22,CUST1034,Male,45,Visakhapatnam,South,Store B,Home & Kitchen,Chair,6,4922.42,0.246,22269.03,15106.54,7162.48,Debit Card,3.8,6.0
ORD101225,2025-03-22,CUST1323,Male,26,Bengaluru,South,Store C,Home & Kitchen,Bedsheet,2,3553.38,0.202,5671.19,3820.18,1851.01,Net Banking,3.5,1.0
ORD101226,2025-03-23,CUST1181,Male,55,Chennai,South,Online,Grocery,Snacks,5,594.22,0.04,2852.26,2419.95,432.3,Credit Card,3.8,2.0
ORD101227,2025-03-23,CUST1347,Male,56,Bengaluru,South,Store C,Home & Kitchen,Bedsheet,4,2819.22,0.069,10498.78,6945.45,3553.33,Credit Card,3.6,4.0
ORD101228,2025-03-24,CUST1192,Female,38,Chennai,South,Online,Electronics,Smartwatch,2,27045.86,0.082,49656.2,38412.47,11243.72,Cash,3.5,7.0
ORD101229,2025-03-24,CUST1579,Female,35,Hyderabad,South,Store D,Home & Kitchen,Lamp,3,4829.53,0.163,12126.95,8220.39,3906.56,Net Banking,3.1,7.0
ORD101230,2025-03-24,CUST1246,Male,46,Visakhapatnam,South,Store B,Beauty,Lip Balm,4,993.7,0.189,3223.56,2016.8,1206.77,Net Banking,4.0,7.0
ORD101231,2025-03-25,CUST1245,Male,47,Bengaluru,South,Online,Home & Kitchen,Cookware Set,2,2638.56,0.187,4290.3,2874.0,1416.3,Net Banking,3.7,5.0
ORD101232,2025-03-25,CUST1133,Female,26,Chennai,South,Store B,Clothing,Shoes,1,1848.74,0.127,1613.95,985.03,628.92,Cash,4.5,7.0
ORD101233,2025-03-25,CUST1197,Male,29,Pune,West,Store B,Electronics,Tablet,3,23413.36,0.203,55981.34,42578.77,13402.57,Net Banking,3.2,1.0
ORD101234,2025-03-26,CUST1347,Female,20,Vijayawada,South,Store C,Clothing,Jacket,2,2124.57,0.109,3785.98,2392.41,1393.57,Net Banking,3.7,7.0
ORD101235,2025-03-26,CUST1049,Male,39,Vijayawada,South,Store B,Clothing,Jacket,6,1573.37,0.031,9147.57,5635.97,3511.6,Net Banking,5.0,5.0
ORD101236,2025-03-27,CUST1064,Female,42,Bengaluru,South,Store A,Beauty,Shampoo,1,1801.45,0.141,1547.45,950.21,597.24,Net Banking,3.5,5.0
ORD101237,2025-03-27,CUST1104,Female,20,Visakhapatnam,South,Store D,Electronics,Laptop,3,15972.27,0.238,36512.61,27655.09,8857.52,Credit Card,3.9,2.0
ORD101238,2025-03-27,CUST1213,Female,30,Pune,West,Store C,Electronics,Smartphone,5,33776.14,0.198,135442.32,102646.76,32795.56,Debit Card,3.3,6.0
ORD101239,2025-03-28,CUST1517,Female,20,Bengaluru,South,Store C,Electronics,Smartphone,7,19646.06,0.145,117581.67,89000.28,28581.39,Credit Card,3.3,4.0
ORD101240,2025-03-28,CUST1119,Male,25,Hyderabad,South,Online,Electronics,Smartwatch,3,12428.12,0.162,31244.29,23477.47,7766.82,Net Banking,4.9,2.0
ORD101241,2025-03-28,CUST1242,Male,41,Chennai,South,Store D,Electronics,Smartwatch,6,26665.13,0.233,122712.93,93626.84,29086.09,UPI,4.1,1.0
ORD101242,2025-03-29,CUST1280,Female,27,Mumbai,West,Online,Beauty,Shampoo,5,1110.89,0.107,4960.12,3178.26,1781.87,UPI,4.1,2.0
ORD101243,2025-03-29,CUST1424,Female,32,Hyderabad,South,Store A,Home & Kitchen,Cookware Set,5,2390.39,0.083,10959.94,7449.43,3510.51,Cash,3.1,2.0
ORD101244,2025-03-29,CUST1363,Female,18,Vijayawada,South,Store D,Clothing,Jeans,5,959.31,0.244,3626.19,2264.94,1361.25,Credit Card,4.2,2.0
ORD101245,2025-03-30,CUST1306,Female,37,Chennai,South,Online,Electronics,Tablet,4,24941.47,0.216,78216.45,58984.58,19231.87,Cash,4.6,1.0
ORD101246,2025-03-30,CUST1486,Male,35,Bengaluru,South,Store D,Home & Kitchen,Chair,4,4475.84,0.081,16453.19,11090.18,5363.01,Cash,4.6,1.0
ORD101247,2025-03-31,CUST1314,Female,27,Hyderabad,South,Store D,Home & Kitchen,Cookware Set,7,4084.95,0.116,25277.67,17615.82,7661.85,UPI,4.4,2.0
ORD101248,2025-03-31,CUST1513,Female,33,Guntur,South,Store C,Clothing,Jacket,5,1828.35,0.104,8191.01,5129.56,3061.45,Credit Card,3.4,2.0
ORD101249,2025-03-31,CUST1167,Female,37,Mumbai,West,Store A,Beauty,Perfume,7,1367.6,0.037,9218.99,5987.98,3231.01,Debit Card,4.2,5.0
ORD101250,2025-04-01,CUST1394,Female,26,Visakhapatnam,South,Store C,Grocery,Juice,1,495.92,0.239,377.4,331.72,45.67,Credit Card,4.4,4.0
ORD101251,2025-04-01,CUST1063,Female,19,Pune,West,Store C,Grocery,Juice,5,285.54,0.101,1283.5,1114.26,169.24,Cash,3.0,5.0
ORD101252,2025-04-01,CUST1272,Female,55,Pune,West,Online,Home & Kitchen,Mixer,2,2079.11,0.219,3247.57,2245.25,1002.32,Net Banking,3.4,6.0
ORD101253,2025-04-02,CUST1037,Female,28,Visakhapatnam,South,Store B,Clothing,T-Shirt,5,1698.42,0.047,8092.97,4875.0,3217.97,Cash,4.5,4.0
ORD101254,2025-04-02,CUST1016,Male,34,Guntur,South,Online,Grocery,Rice,4,475.9,0.137,1642.81,1418.01,224.8,Credit Card,4.5,6.0
ORD101255,2025-04-02,CUST1343,Female,46,Vijayawada,South,Online,Home & Kitchen,Lamp,4,4350.98,0.006,17299.5,11724.97,5574.53,UPI,3.1,4.0
ORD101256,2025-04-03,CUST1346,Female,70,Chennai,South,Store B,Beauty,Lip Balm,2,1465.06,0.191,2370.47,1562.91,807.55,Credit Card,4.4,2.0
ORD101257,2025-04-03,CUST1539,Female,21,Visakhapatnam,South,Store B,Grocery,Juice,2,590.77,0.145,1010.22,883.29,126.92,Debit Card,4.1,5.0
ORD101258,2025-04-04,CUST1233,Male,40,Guntur,South,Online,Home & Kitchen,Bedsheet,3,3219.72,0.156,8152.33,5480.68,2671.65,Net Banking,4.4,4.0
ORD101259,2025-04-04,CUST1576,Male,27,Bengaluru,South,Online,Home & Kitchen,Lamp,1,2119.35,0.013,2091.8,1431.97,659.83,Net Banking,3.7,6.0
ORD101260,2025-04-04,CUST1416,Male,29,Mumbai,West,Store C,Electronics,Headphones,1,27884.5,0.053,26406.62,20129.61,6277.02,Cash,4.4,4.0
ORD101261,2025-04-05,CUST1267,Female,27,Pune,West,Store B,Beauty,Face Wash,1,1383.81,0.019,1357.52,875.92,481.6,Credit Card,4.5,1.0
ORD101262,2025-04-05,CUST1326,Female,23,Mumbai,West,Store C,Electronics,Laptop,6,8280.28,0.072,46104.6,34396.9,11707.7,UPI,3.8,4.0
ORD101263,2025-04-05,CUST1443,Female,35,Guntur,South,Store D,Clothing,T-Shirt,4,1382.83,0.157,4662.9,2909.73,1753.17,Debit Card,4.0,7.0
ORD101264,2025-04-06,CUST1560,Male,19,Mumbai,West,Store B,Electronics,Smartphone,1,20162.62,0.142,17299.53,13093.65,4205.88,Cash,3.6,2.0
ORD101265,2025-04-06,CUST1076,Female,45,Vijayawada,South,Online,Electronics,Smartphone,3,25828.45,0.153,65630.09,50132.46,15497.63,Credit Card,4.9,3.0
ORD101266,2025-04-06,CUST1247,Male,36,Vijayawada,South,Store A,Grocery,Coffee,3,379.5,0.137,982.53,833.95,148.57,UPI,3.9,1.0
ORD101267,2025-04-07,CUST1580,Male,40,Hyderabad,South,Store A,Home & Kitchen,Chair,1,3461.87,0.068,3226.46,2170.89,1055.57,Credit Card,3.5,3.0
ORD101268,2025-04-07,CUST1313,Male,30,Visakhapatnam,South,Store C,Beauty,Moisturizer,2,1126.31,,2115.21,1382.34,732.87,UPI,3.6,2.0
ORD101269,2025-04-08,CUST1576,Male,31,Hyderabad,South,Store B,Electronics,Smartphone,3,23885.95,0.034,69221.48,51612.56,17608.92,Credit Card,4.1,7.0
ORD101270,2025-04-08,CUST1592,Male,38,Mumbai,West,Store B,Beauty,Shampoo,7,949.26,0.212,5236.12,3292.14,1943.98,Credit Card,4.4,3.0
ORD101271,2025-04-08,CUST1343,Female,22,Pune,West,Store C,Electronics,Smartwatch,2,20527.1,0.154,34731.85,26371.7,8360.15,Cash,3.3,4.0
ORD101272,2025-04-09,CUST1182,Female,31,Guntur,South,Store B,Clothing,Dress,7,1259.87,0.047,8404.59,5138.45,3266.14,Credit Card,5.0,3.0
ORD101273,2025-04-09,CUST1399,Male,26,Chennai,South,Store B,Electronics,Tablet,4,27660.47,0.044,105773.64,79107.34,26666.29,Credit Card,4.2,5.0
ORD101274,2025-04-09,CUST1241,Female,25,Mumbai,West,Store B,Grocery,Coffee,6,585.67,0.218,2747.96,2367.72,380.25,Cash,4.3,2.0
ORD101275,2025-04-10,CUST1292,Female,18,Chennai,South,Online,Home & Kitchen,Lamp,3,2729.38,0.186,6665.15,4409.51,2255.63,Cash,3.9,5.0
ORD101276,2025-04-10,CUST1054,Male,50,Vijayawada,South,Store C,Clothing,Jacket,2,2560.32,0.165,4275.73,2602.86,1672.88,Net Banking,4.0,3.0
ORD101277,2025-04-10,CUST1145,Male,27,Chennai,South,Store C,Electronics,Smartphone,7,22797.79,0.102,143306.91,112940.18,30366.73,Net Banking,3.9,7.0
ORD101278,2025-04-11,CUST1356,Female,48,Chennai,South,Store D,Beauty,Moisturizer,1,1735.56,0.065,1622.75,1047.15,575.6,Cash,4.6,5.0
ORD101279,2025-04-11,CUST1598,Female,47,Pune,West,Online,Clothing,Jeans,7,1478.94,0.245,7816.2,4780.92,3035.28,Debit Card,4.0,1.0
ORD101280,2025-04-12,CUST1477,Female,21,Chennai,South,Store B,Clothing,Jeans,7,786.71,0.199,4411.08,2755.46,1655.62,UPI,4.4,3.0
ORD101281,2025-04-12,CUST1022,Female,23,Mumbai,West,Store D,Electronics,Smartphone,4,27815.38,0.075,102916.91,79015.59,23901.31,Cash,3.8,6.0
ORD101282,2025-04-12,CUST1331,Male,63,Guntur,South,Store D,Clothing,Jacket,5,1924.27,0.212,7581.62,4784.75,2796.88,Net Banking,4.1,5.0
ORD101283,2025-04-13,CUST1292,Female,54,Chennai,South,Store D,Beauty,Face Wash,5,1212.04,0.19,4908.76,3134.42,1774.34,Credit Card,3.6,4.0
ORD101284,2025-04-13,CUST1236,Male,35,Bengaluru,South,Store A,Clothing,Dress,1,1478.88,0.074,1369.44,863.98,505.46,Cash,4.7,3.0
ORD101285,2025-04-13,CUST1029,Male,38,Chennai,South,Store D,Beauty,Face Wash,4,1187.9,0.107,4243.18,2615.99,1627.19,Cash,3.5,7.0
ORD101286,2025-04-14,CUST1160,Female,28,Chennai,South,Store A,Electronics,Laptop,4,21421.18,0.046,81743.22,60943.64,20799.59,Net Banking,3.8,6.0
ORD101287,2025-04-14,CUST1530,Female,40,Hyderabad,South,Store D,Home & Kitchen,Mixer,4,3197.65,0.028,12432.46,8479.01,3953.45,Net Banking,3.8,7.0
ORD101288,2025-04-14,CUST1550,Female,27,Guntur,South,Online,Clothing,Jeans,4,2220.82,0.181,7275.41,4537.52,2737.89,Debit Card,3.8,1.0
ORD101289,2025-04-15,CUST1101,Male,18,Mumbai,West,Store B,Home & Kitchen,Lamp,5,3684.22,0.067,17186.89,11495.27,5691.61,Net Banking,4.4,4.0
ORD101290,2025-04-15,CUST1290,Male,20,Vijayawada,South,Online,Beauty,Shampoo,2,1413.48,0.205,2247.43,1445.07,802.36,Net Banking,3.8,3.0
ORD101291,2025-04-16,CUST1377,Male,35,Hyderabad,South,Store A,Clothing,Jeans,4,1684.07,0.249,5058.95,3101.33,1957.62,Net Banking,4.8,7.0
ORD101292,2025-04-16,CUST1173,Male,23,Mumbai,West,Online,Grocery,Rice,2,448.7,0.019,880.35,753.33,127.02,Credit Card,3.5,4.0
ORD101293,2025-04-16,CUST1343,Female,34,Visakhapatnam,South,Store C,Home & Kitchen,Cookware Set,7,2346.52,0.118,14487.41,10033.16,4454.25,Cash,4.1,3.0
ORD101294,2025-04-17,CUST1579,Male,23,Guntur,South,Store B,Clothing,T-Shirt,7,1614.98,0.201,9032.58,5691.83,3340.76,Cash,3.6,3.0
ORD101295,2025-04-17,CUST1191,Male,26,Bengaluru,South,Store A,Home & Kitchen,Lamp,4,178.89,0.197,574.59,383.71,190.88,Net Banking,4.2,2.0
ORD101296,2025-04-17,CUST1439,Female,44,Guntur,South,Online,Clothing,Dress,3,1504.89,0.19,3656.88,2224.12,1432.76,Debit Card,4.0,5.0
ORD101297,2025-04-18,CUST1555,Male,38,Visakhapatnam,South,Store A,Electronics,Laptop,6,24426.88,0.087,133810.45,100943.28,32867.17,Net Banking,3.9,3.0
ORD101298,2025-04-18,CUST1343,Male,35,Visakhapatnam,South,Store B,Home & Kitchen,Lamp,3,4063.67,0.113,10813.43,7349.59,3463.84,Debit Card,4.7,1.0
ORD101299,2025-04-19,CUST1125,Female,45,Visakhapatnam,South,Store B,Grocery,Coffee,7,459.7,0.149,2738.43,2327.16,411.27,Cash,3.6,6.0
ORD101300,2025-04-19,CUST1552,Male,40,Pune,West,Store D,Grocery,Snacks,6,552.15,0.243,2507.87,2197.16,310.7,Debit Card,4.3,5.0
ORD101301,2025-04-19,CUST1360,Male,51,Vijayawada,South,Store D,Beauty,Face Wash,3,437.07,0.082,1203.69,775.18,428.51,Debit Card,3.6,2.0
ORD101302,2025-04-20,CUST1503,Male,30,Chennai,South,Store A,Clothing,T-Shirt,4,1771.58,0.231,5449.38,3403.31,2046.07,UPI,4.1,5.0
ORD101303,2025-04-20,CUST1173,Male,30,Guntur,South,Store B,Home & Kitchen,Bedsheet,2,1820.5,0.067,3397.05,2257.33,1139.72,Debit Card,3.3,5.0
ORD101304,2025-04-20,CUST1394,Female,21,Mumbai,West,Store B,Beauty,Perfume,6,777.09,0.247,3510.89,2294.18,1216.71,Debit Card,3.6,3.0
ORD101305,2025-04-21,CUST1461,Male,30,Pune,West,Store B,Home & Kitchen,Mixer,5,3312.83,0.168,13781.37,8895.62,4885.76,Credit Card,4.0,1.0
ORD101306,2025-04-21,CUST1120,Female,46,Mumbai,West,Store C,Clothing,Jacket,1,2438.13,0.116,2155.31,1356.35,798.95,Cash,5.0,3.0
ORD101307,2025-04-21,CUST1273,Male,49,Chennai,South,Store D,Grocery,Cooking Oil,6,555.68,0.153,2823.97,2469.45,354.51,Net Banking,4.1,7.0
ORD101308,2025-04-22,CUST1358,Female,46,Chennai,South,Store B,Electronics,Smartwatch,6,25127.62,0.068,140513.65,105959.2,34554.45,UPI,,1.0
ORD101309,2025-04-22,CUST1386,Female,18,Bengaluru,South,Store C,Grocery,Coffee,5,497.07,0.069,2313.86,2035.51,278.35,Debit Card,4.1,7.0
ORD101310,2025-04-23,CUST1319,Female,47,Visakhapatnam,South,Store C,Beauty,Moisturizer,4,950.23,0.028,3694.49,2361.79,1332.7,Credit Card,3.8,1.0
ORD101311,2025-04-23,CUST1261,Male,18,Vijayawada,South,Online,Electronics,Smartphone,3,21192.12,0.029,61732.65,46969.53,14763.11,Credit Card,4.8,4.0
ORD101312,2025-04-23,CUST1281,Male,45,Bengaluru,South,Online,Beauty,Perfume,3,1349.58,0.087,3696.5,2380.22,1316.28,Net Banking,4.2,3.0
ORD101313,2025-04-24,CUST1329,Male,31,Hyderabad,South,Online,Clothing,Shoes,7,1107.32,0.191,6270.75,4110.87,2159.88,Net Banking,3.6,7.0
ORD101314,2025-04-24,CUST1124,Female,43,Pune,West,Store B,Electronics,Headphones,2,29151.38,0.152,49440.74,38484.27,10956.47,Cash,4.3,2.0
ORD101315,2025-04-24,CUST1476,Male,20,Pune,West,Store A,Beauty,Face Wash,4,1064.02,0.026,4145.42,2686.55,1458.87,Debit Card,3.8,6.0
ORD101316,2025-04-25,CUST1278,Male,48,Vijayawada,South,Store B,Clothing,Dress,5,2212.78,0.213,8707.29,5309.82,3397.47,Credit Card,2.9,5.0
ORD101317,2025-04-25,CUST1093,Male,19,Chennai,South,Store B,Grocery,Snacks,4,644.16,0.15,2190.14,1888.39,301.75,UPI,4.5,4.0
ORD101318,2025-04-25,CUST1547,Male,28,Mumbai,West,Store C,Clothing,Shoes,4,963.46,0.24,2928.92,1789.35,1139.57,Cash,4.6,7.0
ORD101319,2025-04-26,CUST1128,Female,24,Pune,West,Online,Home & Kitchen,Mixer,3,2918.42,0.168,7284.38,5026.68,2257.7,Debit Card,5.0,2.0
ORD101320,2025-04-26,CUST1532,Female,18,Vijayawada,South,Online,Clothing,Jeans,5,1372.24,0.044,6559.31,4077.05,2482.25,Net Banking,4.2,6.0
ORD101321,2025-04-27,CUST1167,Male,36,Pune,West,Online,Clothing,Jeans,1,893.64,0.118,788.19,478.79,309.4,Debit Card,3.9,6.0
ORD101322,2025-04-27,CUST1236,Male,55,Pune,West,Store B,Home & Kitchen,Lamp,6,2467.47,0.162,12406.44,8448.7,3957.74,Net Banking,4.5,3.0
ORD101323,2025-04-27,CUST1032,Male,64,Visakhapatnam,South,Store D,Beauty,Face Wash,3,2054.44,0.007,6120.18,3857.03,2263.15,Debit Card,4.5,1.0
ORD101324,2025-04-28,CUST1231,Female,36,Hyderabad,South,Store B,Beauty,Moisturizer,5,1413.33,0.004,7038.38,4516.83,2521.56,UPI,4.9,7.0
ORD101325,2025-04-28,CUST1191,Male,47,Visakhapatnam,South,Store A,Clothing,Jacket,2,2758.64,0.032,5340.73,3260.05,2080.68,Cash,4.0,3.0
ORD101326,2025-04-28,CUST1591,Female,38,Hyderabad,South,Store D,Home & Kitchen,Mixer,6,4329.1,0.063,24338.2,16558.16,7780.04,Net Banking,3.9,6.0
ORD101327,2025-04-29,CUST1508,Female,40,Pune,West,Store A,Home & Kitchen,Cookware Set,6,2758.16,0.107,14778.22,10184.94,4593.28,UPI,3.6,3.0
ORD101328,2025-04-29,CUST1457,Male,31,Bengaluru,South,Store C,Grocery,Juice,3,442.73,0.122,1166.15,1001.93,164.22,Credit Card,4.3,4.0
ORD101329,2025-04-29,CUST1255,Male,37,Mumbai,West,Store B,Beauty,Lip Balm,7,1405.95,0.035,9497.19,6035.44,3461.76,UPI,,7.0
ORD101330,2025-04-30,CUST1279,Male,41,Chennai,South,Store D,Electronics,Headphones,2,28062.54,0.168,46696.07,35618.86,11077.2,UPI,4.4,2.0
ORD101331,2025-04-30,CUST1056,Female,29,Pune,West,Online,Beauty,Lip Balm,3,997.93,0.149,2547.72,1651.0,896.72,UPI,4.3,6.0
ORD101332,2025-05-01,CUST1106,Female,34,Hyderabad,South,Store B,Beauty,Lip Balm,4,671.5,0.074,2487.24,1560.11,927.13,Net Banking,4.3,7.0
ORD101333,2025-05-01,CUST1581,Male,34,Hyderabad,South,Online,Grocery,Rice,7,993.16,0.003,6931.26,5988.85,942.41,Credit Card,4.1,4.0
ORD101334,2025-05-01,CUST1192,Female,44,Hyderabad,South,Store B,Electronics,Smartwatch,5,24011.95,0.019,117778.61,91634.58,26144.03,Cash,4.8,2.0
ORD101335,2025-05-02,CUST1278,Male,23,Pune,West,Store C,Grocery,Snacks,2,451.14,0.098,813.86,707.14,106.71,UPI,4.5,4.0
ORD101336,2025-05-02,CUST1544,Male,34,Vijayawada,South,Online,Electronics,Laptop,6,25793.34,0.038,148879.16,113265.79,35613.37,Net Banking,3.7,5.0
ORD101337,2025-05-02,CUST1175,Female,56,Bengaluru,South,Store D,Clothing,Dress,3,1678.64,0.094,4562.54,2861.35,1701.19,Net Banking,3.7,1.0
ORD101338,2025-05-03,CUST1085,Female,48,Vijayawada,South,Online,Electronics,Laptop,6,25859.1,0.157,130795.33,100214.09,30581.24,Cash,3.5,1.0
ORD101339,2025-05-03,CUST1216,Female,50,Chennai,South,Store B,Grocery,Rice,2,693.04,0.137,1196.19,1042.68,153.51,Debit Card,4.3,1.0
ORD101340,2025-05-03,CUST1014,Female,35,Pune,West,Store D,Beauty,Lip Balm,6,1156.41,0.058,6536.03,4030.67,2505.36,Credit Card,3.4,5.0
ORD101341,2025-05-04,CUST1037,Male,39,Hyderabad,South,Store D,Electronics,Smartwatch,3,16861.03,0.086,46232.94,34154.53,12078.42,Credit Card,4.6,6.0
ORD101342,2025-05-04,CUST1027,Male,46,Bengaluru,South,Online,Electronics,Headphones,7,23868.49,0.154,141349.2,109368.39,31980.81,UPI,4.7,6.0
ORD101343,2025-05-05,CUST1576,Male,52,Bengaluru,South,Store A,Home & Kitchen,Bedsheet,3,3035.6,0.215,7148.84,4729.5,2419.34,Debit Card,3.5,5.0
ORD101344,2025-05-05,CUST1070,Female,18,Guntur,South,Online,Beauty,Moisturizer,1,1698.36,0.188,1379.07,888.98,490.09,Credit Card,3.9,1.0
ORD101345,2025-05-05,CUST1154,Male,21,Chennai,South,Store D,Clothing,Shoes,6,2385.56,0.138,12338.12,7601.16,4736.96,UPI,4.0,1.0
ORD101346,2025-05-06,CUST1438,Female,49,Mumbai,West,Store B,Grocery,Cooking Oil,1,516.13,0.091,469.16,396.24,72.92,Debit Card,4.5,2.0
ORD101347,2025-05-06,CUST1271,Female,32,Mumbai,West,Store C,Clothing,T-Shirt,7,1160.63,0.091,7385.09,4607.57,2777.52,Net Banking,4.9,2.0
ORD101348,2025-05-06,CUST1541,Female,28,Bengaluru,South,Store B,Beauty,Lip Balm,1,770.94,0.22,601.33,386.25,215.09,UPI,3.1,3.0
ORD101349,2025-05-07,CUST1074,Male,21,Pune,West,Store D,Electronics,Smartwatch,6,25105.86,0.01,149128.81,117643.17,31485.64,Debit Card,3.8,7.0
ORD101350,2025-05-07,CUST1571,Female,29,Hyderabad,South,Online,Electronics,Laptop,2,27354.26,0.247,41195.52,30956.48,10239.04,Cash,3.9,7.0
ORD101351,2025-05-07,CUST1149,Female,20,Hyderabad,South,Store D,Beauty,Perfume,4,1068.88,0.166,3565.78,2341.26,1224.53,Credit Card,3.2,7.0
ORD101352,2025-05-08,CUST1506,Female,58,Bengaluru,South,Store D,Electronics,Smartphone,7,21638.81,0.17,125721.49,96154.45,29567.04,UPI,3.7,4.0
ORD101353,2025-05-08,CUST1010,Female,35,Vijayawada,South,Store C,Electronics,Headphones,3,20850.41,0.009,61988.27,46550.54,15437.73,Net Banking,4.2,2.0
ORD101354,2025-05-09,CUST1502,Female,34,Chennai,South,Store A,Electronics,Smartwatch,5,24836.24,0.151,105429.84,81279.41,24150.42,UPI,3.8,2.0
ORD101355,2025-05-09,CUST1062,Female,41,Hyderabad,South,Store B,Grocery,Rice,7,142.59,0.121,877.36,762.21,115.15,Credit Card,3.2,2.0
ORD101356,2025-05-09,CUST1388,Female,46,Bengaluru,South,Store C,Grocery,Coffee,1,334.8,0.026,326.1,280.62,45.47,Credit Card,5.0,2.0
ORD101357,2025-05-10,CUST1232,Female,45,Hyderabad,South,Store B,Home & Kitchen,Mixer,2,2872.95,0.069,5349.43,3655.05,1694.38,Debit Card,4.1,5.0
ORD101358,2025-05-10,CUST1584,Female,47,Mumbai,West,Store B,Clothing,Shoes,6,2403.75,0.223,11206.28,6873.23,4333.05,Net Banking,4.1,3.0
ORD101359,2025-05-10,CUST1528,Female,28,Bengaluru,South,Store C,Beauty,Shampoo,2,915.17,0.137,1579.58,995.91,583.68,Debit Card,3.4,2.0
ORD101360,2025-05-11,CUST1550,Female,32,Chennai,South,Store B,Beauty,Lip Balm,2,1263.16,0.103,2266.11,1470.14,795.97,Net Banking,4.1,6.0
ORD101361,2025-05-11,CUST1445,Female,43,Bengaluru,South,Store B,Beauty,Lip Balm,6,1279.29,0.018,7537.58,4804.6,2732.97,UPI,3.9,4.0
ORD101362,2025-05-12,CUST1321,Male,29,Guntur,South,Store C,Home & Kitchen,Chair,5,4797.92,0.179,19695.46,13373.61,6321.85,UPI,3.0,7.0
ORD101363,2025-05-12,CUST1083,Male,35,Bengaluru,South,Store A,Grocery,Cooking Oil,6,689.39,0.176,3408.34,2945.94,462.4,Debit Card,3.4,2.0
ORD101364,2025-05-12,CUST1434,Female,39,Bengaluru,South,Online,Home & Kitchen,Mixer,5,3442.5,0.154,14561.78,9949.29,4612.48,Cash,4.4,5.0
ORD101365,2025-05-13,CUST1017,Female,44,Pune,West,Online,Beauty,Face Wash,6,1033.58,0.128,5407.69,3371.88,2035.81,Credit Card,5.0,6.0
ORD101366,2025-05-13,CUST1369,Female,18,Mumbai,West,Store D,Clothing,Jacket,1,1468.08,0.108,1309.53,830.7,478.82,Debit Card,4.2,7.0
ORD101367,2025-05-13,CUST1582,Male,43,Chennai,South,Store A,Electronics,Laptop,5,23312.56,0.148,99311.51,75641.38,23670.13,Debit Card,4.6,1.0
ORD101368,2025-05-14,CUST1583,Male,32,Pune,West,Online,Grocery,Coffee,1,434.89,0.058,409.67,351.03,58.64,UPI,3.9,1.0
ORD101369,2025-05-14,CUST1255,Male,43,Bengaluru,South,Online,Grocery,Juice,7,583.04,0.235,3122.18,2705.9,416.28,Credit Card,4.0,7.0
ORD101370,2025-05-14,CUST1456,Female,44,Chennai,South,Online,Home & Kitchen,Lamp,5,3920.31,0.147,16720.12,11418.09,5302.03,Debit Card,4.6,3.0
ORD101371,2025-05-15,CUST1561,Female,53,Guntur,South,Store A,Grocery,Juice,5,588.77,0.078,2714.23,2366.47,347.76,UPI,4.9,1.0
ORD101372,2025-05-15,CUST1533,Female,50,Chennai,South,Store D,Beauty,Shampoo,6,1640.75,0.112,8741.92,5649.0,3092.91,UPI,4.7,2.0
ORD101373,2025-05-16,CUST1392,Female,50,Hyderabad,South,Online,Beauty,Face Wash,5,1852.0,0.201,7398.74,4796.38,2602.36,Debit Card,3.4,7.0
ORD101374,2025-05-16,CUST1320,Male,51,Pune,West,Store D,Home & Kitchen,Chair,1,3624.66,0.04,3479.67,2423.72,1055.96,Debit Card,4.0,5.0
ORD101375,2025-05-16,CUST1220,Female,38,Chennai,South,Store D,Beauty,Shampoo,7,1584.81,0.073,10283.83,6686.34,3597.5,UPI,4.2,3.0
ORD101376,2025-05-17,CUST1414,Male,35,Mumbai,West,Store C,Clothing,Jacket,6,1624.17,0.17,8088.37,5000.3,3088.07,Debit Card,3.9,6.0
ORD101377,2025-05-17,CUST1032,Male,45,Guntur,South,Store C,Home & Kitchen,Chair,3,4685.01,0.079,12944.68,8624.47,4320.21,Credit Card,4.2,2.0
ORD101378,2025-05-17,CUST1016,Female,43,Visakhapatnam,South,Store A,Clothing,Dress,7,2330.75,0.198,13084.83,8356.14,4728.69,UPI,4.5,1.0
ORD101379,2025-05-18,CUST1409,Male,32,Bengaluru,South,Store D,Electronics,Smartwatch,7,32058.91,0.033,217006.76,164219.42,52787.34,UPI,4.6,4.0
ORD101380,2025-05-18,CUST1173,Male,39,Chennai,South,Store A,Clothing,Shoes,1,1847.03,0.191,1494.25,918.54,575.7,Debit Card,4.9,2.0
ORD101381,2025-05-18,CUST1179,Male,35,Bengaluru,South,Store C,Electronics,Smartwatch,7,20321.49,0.017,139832.17,102950.26,36881.91,Debit Card,3.8,4.0
ORD101382,2025-05-19,CUST1573,Male,26,Vijayawada,South,Store B,Electronics,Laptop,3,15238.3,0.003,45577.76,34850.13,10727.62,Debit Card,3.2,6.0
ORD101383,2025-05-19,CUST1497,Female,49,Hyderabad,South,Store D,Clothing,Dress,2,1779.98,0.225,2758.97,1715.15,1043.82,Credit Card,4.2,4.0
ORD101384,2025-05-20,CUST1104,Female,36,Pune,West,Store A,Home & Kitchen,Lamp,6,5033.01,0.145,25819.34,17078.33,8741.01,UPI,,6.0
ORD101385,2025-05-20,CUST1317,Male,58,Hyderabad,South,Store D,Beauty,Moisturizer,2,1091.55,0.088,1990.99,1284.63,706.36,Cash,3.7,3.0
ORD101386,2025-05-20,CUST1588,Female,18,Vijayawada,South,Online,Beauty,Perfume,6,1474.79,0.058,8335.51,5286.89,3048.62,Credit Card,4.4,5.0
ORD101387,2025-05-21,CUST1181,Male,29,Vijayawada,South,Store A,Electronics,Headphones,7,30907.66,0.154,183035.16,145843.06,37192.1,Credit Card,4.4,1.0
ORD101388,2025-05-21,CUST1132,Female,35,Pune,West,Store A,Electronics,Tablet,6,23014.2,0.127,120548.38,90677.83,29870.55,UPI,4.1,1.0
ORD101389,2025-05-21,CUST1155,Female,48,Chennai,South,Store A,Home & Kitchen,Mixer,1,4816.34,0.248,3621.89,2443.59,1178.3,Cash,4.0,2.0
ORD101390,2025-05-22,CUST1359,Female,39,Vijayawada,South,Online,Grocery,Rice,3,63.7,0.246,144.09,121.97,22.12,UPI,3.5,7.0
ORD101391,2025-05-22,CUST1235,Female,38,Visakhapatnam,South,Store C,Clothing,Jeans,6,1188.62,0.159,5997.78,3804.16,2193.62,Credit Card,2.7,1.0
ORD101392,2025-05-22,CUST1165,Female,23,Bengaluru,South,Store C,Electronics,Tablet,3,18590.57,0.111,49581.05,37428.76,12152.29,Debit Card,3.4,3.0
ORD101393,2025-05-23,CUST1427,Male,22,Bengaluru,South,Store A,Beauty,Moisturizer,6,913.1,0.123,4804.73,3034.9,1769.83,UPI,3.8,1.0
ORD101394,2025-05-23,CUST1488,Female,39,Guntur,South,Store D,Home & Kitchen,Lamp,3,3836.26,0.171,9540.78,6570.29,2970.49,UPI,4.6,2.0
ORD101395,2025-05-24,CUST1213,Male,20,Mumbai,West,Online,Clothing,Jeans,2,1945.02,0.025,3792.79,2293.1,1499.69,Debit Card,3.9,1.0
ORD101396,2025-05-24,CUST1157,Male,29,Vijayawada,South,Online,Home & Kitchen,Lamp,1,3893.99,0.082,3574.68,2458.14,1116.55,Cash,3.7,5.0
ORD101397,2025-05-24,CUST1075,Female,41,Vijayawada,South,Store D,Clothing,Shoes,6,2098.04,0.019,12349.06,7901.92,4447.14,Cash,3.5,6.0
ORD101398,2025-05-25,CUST1435,Male,24,Visakhapatnam,South,Store A,Clothing,Jeans,4,1324.95,0.018,5204.4,3259.64,1944.76,UPI,4.4,4.0
ORD101399,2025-05-25,CUST1178,Female,53,Hyderabad,South,Store A,Electronics,Laptop,3,16472.77,0.049,46996.81,36127.69,10869.12,Debit Card,4.7,4.0
ORD101400,2025-05-25,CUST1312,Male,48,Hyderabad,South,Store A,Home & Kitchen,Chair,3,3896.32,0.121,10274.6,7096.14,3178.45,UPI,4.6,6.0
ORD101401,2025-05-26,CUST1127,Male,18,Bengaluru,South,Store B,Home & Kitchen,Cookware Set,4,2869.77,0.196,9229.18,6468.98,2760.2,Debit Card,4.3,4.0
ORD101402,2025-05-26,CUST1377,Female,25,Bengaluru,South,Store A,Beauty,Perfume,1,650.33,0.121,571.64,373.82,197.82,Credit Card,3.2,5.0
ORD101403,2025-05-26,CUST1345,Female,18,Chennai,South,Store B,Beauty,Face Wash,3,1539.97,0.084,4231.84,2729.81,1502.03,Debit Card,3.8,3.0
ORD101404,2025-05-27,CUST1225,Female,26,Pune,West,Store C,Electronics,Headphones,1,34765.71,0.021,34035.63,26287.94,7747.69,UPI,5.0,2.0
ORD101405,2025-05-27,CUST1017,Female,43,Mumbai,West,Online,Electronics,Laptop,3,35900.13,0.138,92837.74,69431.52,23406.21,Net Banking,4.6,5.0
ORD101406,2025-05-28,CUST1497,Male,30,Visakhapatnam,South,Store D,Grocery,Coffee,7,528.05,0.068,3445.0,3004.1,440.9,Cash,3.2,2.0
ORD101407,2025-05-28,CUST1473,Female,40,Pune,West,Online,Beauty,Moisturizer,5,1419.08,0.154,6002.71,3772.2,2230.51,UPI,4.0,3.0
ORD101408,2025-05-28,CUST1311,Male,18,Pune,West,Store D,Clothing,Shoes,7,2484.93,0.244,13150.25,8099.29,5050.96,Debit Card,4.2,5.0
ORD101409,2025-05-29,CUST1137,Male,44,Guntur,South,Store A,Home & Kitchen,Bedsheet,3,2858.58,0.028,8335.62,5353.71,2981.91,Debit Card,3.6,1.0
ORD101410,2025-05-29,CUST1475,Male,29,Pune,West,Online,Electronics,Laptop,5,32774.74,0.053,155188.39,118795.41,36392.99,Cash,2.7,7.0
ORD101411,2025-05-29,CUST1217,Male,35,Guntur,South,Store B,Home & Kitchen,Chair,6,3775.4,0.118,19979.42,13428.55,6550.87,UPI,4.1,3.0
ORD101412,2025-05-30,CUST1196,Male,34,Pune,West,Store D,Home & Kitchen,Cookware Set,1,4413.71,0.242,3345.59,2320.5,1025.09,Net Banking,3.6,4.0
ORD101413,2025-05-30,CUST1201,Male,21,Visakhapatnam,South,Store B,Grocery,Coffee,3,527.91,0.193,1278.07,1106.86,171.21,Credit Card,3.6,
ORD101414,2025-05-31,CUST1366,Female,22,Guntur,South,Online,Beauty,Shampoo,2,1653.69,0.225,2563.22,1673.65,889.57,Net Banking,3.8,3.0
ORD101415,2025-05-31,CUST1528,Male,46,Hyderabad,South,Store B,Electronics,Laptop,2,26564.67,0.083,48719.6,36304.7,12414.91,Credit Card,3.9,3.0
ORD101416,2025-05-31,CUST1400,Male,39,Guntur,South,Store B,Home & Kitchen,Chair,4,2016.02,0.248,6064.19,4200.72,1863.47,Credit Card,4.0,5.0
ORD101417,2025-06-01,CUST1525,Male,47,Guntur,South,Online,Electronics,Smartwatch,2,35163.49,0.026,68498.48,54032.16,14466.32,UPI,3.5,4.0
ORD101418,2025-06-01,CUST1590,Female,39,Visakhapatnam,South,Store A,Clothing,T-Shirt,5,1326.23,0.013,6544.95,4113.68,2431.26,Credit Card,3.9,6.0
ORD101419,2025-06-01,CUST1214,Female,37,Visakhapatnam,South,Store D,Grocery,Coffee,2,687.96,0.214,1081.47,943.3,138.17,Debit Card,3.0,4.0
ORD101420,2025-06-02,CUST1341,Male,18,Guntur,South,Online,Clothing,Jeans,2,1754.88,0.232,2695.5,1676.31,1019.19,Credit Card,4.2,3.0
ORD101421,2025-06-02,CUST1329,Female,32,Mumbai,West,Online,Electronics,Smartwatch,2,33232.08,0.023,64935.48,48884.9,16050.59,Credit Card,2.4,2.0
ORD101422,2025-06-02,CUST1119,Male,35,Vijayawada,South,Online,Electronics,Headphones,3,32943.38,0.028,96062.9,74008.11,22054.78,Cash,3.8,6.0
ORD101423,2025-06-03,CUST1425,Female,56,Mumbai,West,Online,Beauty,Lip Balm,4,1350.55,0.008,5358.98,3336.77,2022.21,Cash,4.5,6.0
ORD101424,2025-06-03,CUST1373,Male,43,Visakhapatnam,South,Store A,Home & Kitchen,Cookware Set,1,4008.54,0.026,3904.32,2634.97,1269.35,UPI,3.4,3.0
ORD101425,2025-06-04,CUST1179,Female,52,Mumbai,West,Online,Home & Kitchen,Bedsheet,4,3922.63,0.052,14874.61,9792.29,5082.32,UPI,4.4,5.0
ORD101426,2025-06-04,CUST1432,Female,42,Mumbai,West,Store D,Clothing,T-Shirt,5,793.09,0.243,3001.85,1837.57,1164.27,Debit Card,4.6,5.0
ORD101427,2025-06-04,CUST1402,Female,27,Chennai,South,Store D,Grocery,Cooking Oil,3,517.75,0.167,1293.86,1125.58,168.28,Cash,2.2,5.0
ORD101428,2025-06-05,CUST1394,Male,36,Chennai,South,Store A,Home & Kitchen,Lamp,6,2383.94,0.195,11514.43,7901.04,3613.39,Net Banking,3.9,4.0
ORD101429,2025-06-05,CUST1566,Male,38,Hyderabad,South,Store D,Beauty,Lip Balm,3,1259.92,0.194,3046.49,1951.54,1094.95,UPI,2.4,1.0
ORD101430,2025-06-05,CUST1079,Male,25,Pune,West,Online,Clothing,T-Shirt,7,1228.53,0.134,7447.35,4631.52,2815.83,UPI,3.9,5.0
ORD101431,2025-06-06,CUST1424,Female,31,Guntur,South,Online,Clothing,T-Shirt,2,1207.52,0.199,1934.45,1158.64,775.8,Cash,4.0,5.0
ORD101432,2025-06-06,CUST1118,Female,33,Vijayawada,South,Store C,Beauty,Shampoo,2,1761.73,0.149,2998.46,1906.15,1092.32,Cash,2.6,6.0
ORD101433,2025-06-06,CUST1368,Male,53,Hyderabad,South,Store A,Grocery,Coffee,5,660.42,0.079,3041.23,2583.38,457.85,Debit Card,5.0,2.0
ORD101434,2025-06-07,CUST1106,Female,18,Guntur,South,Store C,Beauty,Face Wash,6,1198.55,0.14,6184.52,3911.14,2273.38,Cash,4.2,2.0
ORD101435,2025-06-07,CUST1105,Male,48,Mumbai,West,Online,Grocery,Coffee,7,527.72,0.133,3202.73,2784.08,418.66,Credit Card,3.5,
ORD101436,2025-06-08,CUST1303,Male,25,Visakhapatnam,South,Store D,Beauty,Perfume,3,1113.23,0.206,2651.71,1670.81,980.9,Net Banking,4.8,3.0
ORD101437,2025-06-08,CUST1148,Male,20,Chennai,South,Store C,Beauty,Lip Balm,6,1399.46,0.245,6339.55,4013.15,2326.4,Credit Card,3.0,3.0
ORD101438,2025-06-08,CUST1150,Male,48,Bengaluru,South,Store A,Electronics,Smartwatch,1,20267.62,0.103,18180.06,13297.78,4882.27,Credit Card,3.3,5.0
ORD101439,2025-06-09,CUST1256,Female,43,Vijayawada,South,Store C,Clothing,Shoes,4,2296.87,0.191,7432.67,4583.86,2848.81,Credit Card,2.7,2.0
ORD101440,2025-06-09,CUST1082,Female,49,Mumbai,West,Store C,Beauty,Moisturizer,3,1111.42,0.025,3250.9,2039.84,1211.07,UPI,5.0,3.0
ORD101441,2025-06-09,CUST1016,Female,44,Bengaluru,South,Online,Beauty,Perfume,6,1053.05,0.194,5092.55,3263.88,1828.67,Credit Card,4.2,
ORD101442,2025-06-10,CUST1193,Male,58,Chennai,South,Store D,Home & Kitchen,Mixer,1,3521.71,0.093,3194.19,2134.86,1059.33,UPI,4.4,5.0
ORD101443,2025-06-10,CUST1074,Female,41,Mumbai,West,Store B,Clothing,Jacket,1,1504.43,0.01,1489.39,925.16,564.23,Cash,4.2,6.0
ORD101444,2025-06-10,CUST1277,Male,33,Pune,West,Store C,Home & Kitchen,Mixer,7,3828.68,0.091,24361.89,16522.94,7838.95,Net Banking,4.3,5.0
ORD101445,2025-06-11,CUST1061,Male,39,Pune,West,Store A,Clothing,T-Shirt,7,1531.32,0.153,9079.2,5798.52,3280.68,Net Banking,4.0,3.0
ORD101446,2025-06-11,CUST1536,Male,49,Bengaluru,South,Online,Home & Kitchen,Lamp,4,3968.52,0.03,15397.86,10564.25,4833.6,Credit Card,4.1,5.0
ORD101447,2025-06-12,CUST1535,Male,26,Visakhapatnam,South,Store C,Beauty,Perfume,1,1625.6,0.231,1250.09,773.56,476.52,Net Banking,4.1,5.0
ORD101448,2025-06-12,CUST1343,Male,28,Mumbai,West,Store C,Beauty,Moisturizer,5,948.24,0.019,4651.12,2908.94,1742.18,UPI,3.7,2.0
ORD101449,2025-06-12,CUST1395,Male,32,Guntur,South,Store B,Electronics,Headphones,1,24085.97,0.233,18473.94,14054.15,4419.79,Cash,4.0,1.0
ORD101450,2025-06-13,CUST1258,Female,18,Mumbai,West,Store D,Home & Kitchen,Lamp,6,3961.33,0.177,19561.05,13078.88,6482.17,Credit Card,4.2,4.0
ORD101451,2025-06-13,CUST1198,Female,37,Visakhapatnam,South,Store D,Grocery,Rice,7,434.62,0.082,2792.87,2273.53,519.33,Debit Card,4.1,3.0
ORD101452,2025-06-13,CUST1053,Female,18,Mumbai,West,Store D,Electronics,Tablet,5,28250.24,0.098,127408.58,99182.71,28225.87,Net Banking,3.2,7.0
ORD101453,2025-06-14,CUST1271,Female,36,Bengaluru,South,Store B,Home & Kitchen,Cookware Set,7,4055.4,0.185,23136.06,15936.48,7199.58,Net Banking,3.3,1.0
ORD101454,2025-06-14,CUST1201,Male,45,Visakhapatnam,South,Store B,Home & Kitchen,Cookware Set,7,4583.26,0.15,27270.4,18717.77,8552.63,Credit Card,4.6,6.0
ORD101455,2025-06-14,CUST1396,Male,30,Chennai,South,Store A,Electronics,Smartwatch,7,20758.07,0.168,120895.0,90875.78,30019.22,Net Banking,3.8,7.0
ORD101456,2025-06-15,CUST1378,Female,53,Vijayawada,South,Store D,Beauty,Lip Balm,1,870.03,0.097,785.64,506.68,278.96,Net Banking,4.3,3.0
ORD101457,2025-06-15,CUST1535,Female,19,Visakhapatnam,South,Store A,Home & Kitchen,Chair,2,3192.42,0.122,5605.89,3763.67,1842.22,Debit Card,3.4,1.0
ORD101458,2025-06-16,CUST1088,Female,48,Mumbai,West,Store D,Beauty,Moisturizer,1,861.29,0.247,648.55,416.6,231.95,UPI,3.2,5.0
ORD101459,2025-06-16,CUST1398,Female,42,Chennai,South,Online,Electronics,Smartphone,7,28951.49,0.053,191919.43,143441.81,48477.61,Credit Card,3.5,3.0
ORD101460,2025-06-16,CUST1182,Female,18,Vijayawada,South,Online,Beauty,Moisturizer,5,793.39,0.104,3554.39,2336.89,1217.49,Credit Card,3.9,1.0
ORD101461,2025-06-17,CUST1283,Female,65,Pune,West,Store C,Clothing,Jeans,1,2966.51,0.073,2749.95,1656.78,1093.17,Debit Card,3.6,4.0
ORD101462,2025-06-17,CUST1533,Female,34,Guntur,South,Store C,Grocery,Rice,7,694.39,0.191,3932.33,3456.82,475.51,Debit Card,4.7,5.0
ORD101463,2025-06-17,CUST1561,Female,25,Bengaluru,South,Store A,Home & Kitchen,Lamp,7,3512.58,0.191,19891.74,13535.86,6355.88,UPI,4.1,3.0
ORD101464,2025-06-18,CUST1190,Male,20,Mumbai,West,Store D,Grocery,Coffee,1,630.11,0.073,584.11,497.91,86.2,Cash,5.0,6.0
ORD101465,2025-06-18,CUST1205,Male,33,Mumbai,West,Online,Beauty,Shampoo,1,627.12,0.02,614.58,394.51,220.07,Credit Card,4.2,6.0
ORD101466,2025-06-18,CUST1044,Male,34,Pune,West,Store B,Home & Kitchen,Bedsheet,5,6023.37,0.003,30026.5,20687.54,9338.96,Net Banking,2.7,3.0
ORD101467,2025-06-19,CUST1300,Male,36,Guntur,South,Store C,Beauty,Moisturizer,1,993.42,0.107,887.12,581.73,305.4,UPI,4.6,1.0
ORD101468,2025-06-19,CUST1279,Female,32,Pune,West,Online,Clothing,T-Shirt,4,1739.75,0.103,6242.22,3891.99,2350.23,Credit Card,3.2,3.0
ORD101469,2025-06-20,CUST1385,Male,42,Hyderabad,South,Online,Electronics,Laptop,6,12008.47,0.247,54254.27,40572.17,13682.1,UPI,4.1,7.0
ORD101470,2025-06-20,CUST1311,Female,31,Pune,West,Store B,Home & Kitchen,Bedsheet,4,3986.29,0.117,14079.58,9583.7,4495.88,Cash,3.6,5.0
ORD101471,2025-06-20,CUST1528,Male,18,Chennai,South,Store D,Clothing,Jeans,5,1246.83,0.064,5835.16,3736.11,2099.05,Credit Card,5.0,2.0
ORD101472,2025-06-21,CUST1274,Female,33,Vijayawada,South,Store B,Clothing,Dress,2,1850.83,0.223,2876.19,1826.5,1049.69,Net Banking,4.8,6.0
ORD101473,2025-06-21,CUST1482,Female,18,Mumbai,West,Store A,Home & Kitchen,Cookware Set,4,2955.73,0.123,10368.7,7166.05,3202.65,Credit Card,3.6,1.0
ORD101474,2025-06-21,CUST1451,Male,39,Pune,West,Online,Beauty,Face Wash,7,822.79,0.15,4895.6,3178.06,1717.54,UPI,3.9,4.0
ORD101475,2025-06-22,CUST1532,Male,24,Mumbai,West,Online,Clothing,Jeans,6,1397.82,0.024,8185.63,5138.99,3046.64,Cash,4.1,3.0
ORD101476,2025-06-22,CUST1531,Female,37,Visakhapatnam,South,Online,Grocery,Rice,3,533.87,0.096,1447.86,1271.13,176.73,UPI,4.5,5.0
ORD101477,2025-06-23,CUST1525,Female,49,Guntur,South,Store A,Clothing,Jeans,6,1159.25,0.236,5314.0,3267.6,2046.4,UPI,4.0,3.0
ORD101478,2025-06-23,CUST1017,Female,25,Pune,West,Online,Beauty,Perfume,4,937.92,0.147,3200.18,1998.16,1202.02,Debit Card,3.4,4.0
ORD101479,2025-06-23,CUST1030,Male,47,Vijayawada,South,Store C,Beauty,Lip Balm,3,1432.15,0.086,3926.96,2516.37,1410.58,UPI,3.6,5.0
ORD101480,2025-06-24,CUST1470,Male,30,Chennai,South,Store B,Grocery,Snacks,5,890.37,0.156,3757.36,3183.78,573.58,Cash,4.0,4.0
ORD101481,2025-06-24,CUST1304,Female,54,Hyderabad,South,Store D,Clothing,Jacket,6,2038.79,0.228,9443.68,5743.89,3699.79,Net Banking,4.7,5.0
ORD101482,2025-06-24,CUST1555,Male,31,Mumbai,West,Store A,Beauty,Lip Balm,2,878.96,0.068,1638.38,1034.97,603.41,Debit Card,4.2,2.0
ORD101483,2025-06-25,CUST1093,Female,26,Guntur,South,Online,Home & Kitchen,Lamp,3,3132.89,0.126,8214.44,5835.7,2378.73,UPI,3.6,6.0
ORD101484,2025-06-25,CUST1578,Male,43,Bengaluru,South,Store D,Electronics,Smartwatch,3,25221.12,0.24,57504.15,43810.24,13693.91,Credit Card,4.4,5.0
ORD101485,2025-06-25,CUST1584,Male,30,Vijayawada,South,Store B,Electronics,Smartwatch,6,22554.03,0.043,129505.24,99065.15,30440.09,Debit Card,3.8,4.0
ORD101486,2025-06-26,CUST1162,Male,26,Bengaluru,South,Store B,Electronics,Headphones,4,31321.41,0.18,102734.22,76360.1,26374.13,Cash,4.5,1.0
ORD101487,2025-06-26,CUST1328,Male,30,Vijayawada,South,Store B,Clothing,Jacket,3,1908.74,0.154,4844.38,2903.84,1940.54,Credit Card,5.0,6.0
ORD101488,2025-06-27,CUST1254,Male,35,Vijayawada,South,Store A,Grocery,Rice,5,636.18,0.17,2640.15,2237.05,403.09,Cash,3.8,7.0
ORD101489,2025-06-27,CUST1440,Female,50,Chennai,South,Store D,Beauty,Face Wash,6,1089.94,0.088,5964.15,3915.87,2048.28,Credit Card,4.4,2.0
ORD101490,2025-06-27,CUST1571,Female,18,Chennai,South,Online,Home & Kitchen,Chair,5,4825.5,0.078,22245.56,15218.0,7027.56,Net Banking,3.6,3.0
ORD101491,2025-06-28,CUST1544,Male,35,Chennai,South,Store A,Home & Kitchen,Chair,6,3333.51,0.171,16580.88,11396.48,5184.4,Cash,3.9,2.0
ORD101492,2025-06-28,CUST1120,Female,42,Pune,West,Store A,Clothing,T-Shirt,5,1314.41,0.054,6217.16,3905.88,2311.28,Credit Card,4.0,2.0
ORD101493,2025-06-28,CUST1514,Female,37,Visakhapatnam,South,Store D,Electronics,Laptop,4,40241.24,0.105,144063.64,108322.94,35740.7,Cash,3.9,3.0
ORD101494,2025-06-29,CUST1549,Male,49,Vijayawada,South,Online,Clothing,Jeans,6,887.51,0.047,5074.78,3224.97,1849.81,Debit Card,5.0,5.0
ORD101495,2025-06-29,CUST1097,Female,34,Guntur,South,Store B,Grocery,Cooking Oil,7,389.19,0.002,2718.88,2311.6,407.28,Cash,3.8,2.0
ORD101496,2025-06-29,CUST1370,Male,33,Bengaluru,South,Store B,Grocery,Rice,2,405.95,0.243,614.61,541.94,72.67,Cash,4.3,6.0
ORD101497,2025-06-30,CUST1417,Female,42,Chennai,South,Store D,Beauty,Shampoo,4,2077.91,0.108,7413.98,4782.73,2631.26,Credit Card,2.9,2.0
ORD101498,2025-06-30,CUST1257,Female,36,Pune,West,Store B,Beauty,Lip Balm,5,1832.4,0.242,6944.8,4301.54,2643.26,Cash,4.2,1.0
ORD101499,2025-07-01,CUST1128,Female,31,Chennai,South,Store A,Grocery,Coffee,6,724.09,0.035,4192.48,3556.99,635.49,Net Banking,4.6,6.0
ORD101500,2025-07-01,CUST1359,Female,41,Bengaluru,South,Online,Grocery,Coffee,4,450.4,0.147,1536.76,1279.16,257.61,UPI,3.7,1.0
ORD101501,2025-07-01,CUST1156,Female,28,Bengaluru,South,Store D,Grocery,Rice,5,863.93,0.05,4103.67,3603.05,500.62,Debit Card,2.6,6.0
ORD101502,2025-07-02,CUST1057,Female,28,Mumbai,West,Store D,Clothing,Jacket,1,1984.18,0.198,1591.31,986.17,605.14,Credit Card,4.0,4.0
ORD101503,2025-07-02,CUST1582,Female,29,Vijayawada,South,Online,Grocery,Rice,1,646.59,0.196,519.86,429.15,90.71,Cash,4.0,3.0
ORD101504,2025-07-02,CUST1556,Male,50,Chennai,South,Store D,Home & Kitchen,Cookware Set,3,3679.7,0.028,10730.01,7345.75,3384.25,Cash,4.4,6.0
ORD101505,2025-07-03,CUST1076,Male,18,Bengaluru,South,Store B,Electronics,Headphones,2,24653.73,0.228,38065.36,28649.95,9415.41,Cash,5.0,6.0
ORD101506,2025-07-03,CUST1158,Male,39,Visakhapatnam,South,Store B,Grocery,Cooking Oil,1,462.23,0.049,439.58,367.94,71.64,Debit Card,3.8,5.0
ORD101507,2025-07-03,CUST1085,Male,35,Visakhapatnam,South,Store A,Electronics,Tablet,7,23532.52,0.153,139524.31,109241.2,30283.11,UPI,3.5,5.0
ORD101508,2025-07-04,CUST1322,Female,18,Chennai,South,Store A,Clothing,Jeans,5,2104.25,0.246,7933.02,4927.97,3005.05,Net Banking,3.4,4.0
ORD101509,2025-07-04,CUST1309,Female,38,Pune,West,Store D,Electronics,Tablet,4,27570.4,0.221,85909.37,64946.27,20963.1,Net Banking,4.1,5.0
ORD101510,2025-07-05,CUST1530,Female,40,Bengaluru,South,Online,Clothing,Shoes,6,1784.26,0.239,8146.93,5014.78,3132.15,Credit Card,4.3,7.0
ORD101511,2025-07-05,CUST1284,Male,41,Mumbai,West,Online,Home & Kitchen,Cookware Set,4,5009.52,0.086,18314.81,12114.83,6199.97,UPI,3.7,7.0
ORD101512,2025-07-05,CUST1042,Male,18,Vijayawada,South,Store D,Clothing,Jeans,3,316.62,0.026,925.16,560.13,365.03,UPI,4.4,5.0
ORD101513,2025-07-06,CUST1134,Male,50,Vijayawada,South,Store B,Clothing,Shoes,4,2054.94,0.047,7833.43,4969.06,2864.38,Debit Card,4.3,7.0
ORD101514,2025-07-06,CUST1404,Female,27,Pune,West,Store A,Beauty,Perfume,1,1451.21,0.125,1269.81,805.75,464.06,Cash,4.0,1.0
ORD101515,2025-07-06,CUST1493,Male,43,Mumbai,West,Online,Grocery,Juice,4,672.04,0.198,2155.9,1854.81,301.09,UPI,3.5,7.0
ORD101516,2025-07-07,CUST1222,Female,43,Vijayawada,South,Store D,Grocery,Coffee,1,490.27,0.038,471.64,390.68,80.96,Cash,3.7,5.0
ORD101517,2025-07-07,CUST1229,Male,25,Mumbai,West,Store D,Home & Kitchen,Lamp,1,3707.92,0.165,3096.11,2055.41,1040.71,Debit Card,2.7,5.0
ORD101518,2025-07-07,CUST1452,Female,42,Hyderabad,South,Online,Home & Kitchen,Bedsheet,2,4485.95,0.081,8245.18,5668.26,2576.91,Credit Card,4.1,7.0
ORD101519,2025-07-08,CUST1306,Male,31,Chennai,South,Store D,Grocery,Coffee,3,723.67,0.085,1986.47,1719.98,266.49,Credit Card,4.0,4.0
ORD101520,2025-07-08,CUST1119,Female,18,Vijayawada,South,Online,Beauty,Face Wash,7,1094.81,0.165,6399.16,4224.72,2174.44,Cash,4.1,4.0
ORD101521,2025-07-09,CUST1324,Male,48,Visakhapatnam,South,Store A,Grocery,Rice,7,540.05,0.117,3338.05,2940.12,397.93,Cash,4.3,2.0
ORD101522,2025-07-09,CUST1159,Male,26,Bengaluru,South,Online,Beauty,Perfume,5,1787.5,0.203,7123.19,4539.91,2583.28,UPI,4.2,5.0
ORD101523,2025-07-09,CUST1239,Female,26,Mumbai,West,Online,Home & Kitchen,Lamp,7,1375.97,0.039,9256.15,6347.77,2908.38,Debit Card,3.9,5.0
ORD101524,2025-07-10,CUST1396,Female,31,Mumbai,West,Store B,Electronics,Smartphone,1,20169.91,0.197,16196.44,12239.14,3957.29,Credit Card,4.0,6.0
ORD101525,2025-07-10,CUST1320,Male,38,Guntur,South,Store D,Home & Kitchen,Bedsheet,6,4965.84,0.016,29318.32,20673.84,8644.48,UPI,3.2,5.0
ORD101526,2025-07-10,CUST1189,Female,34,Pune,West,Store B,Home & Kitchen,Chair,3,4592.54,0.049,13102.52,9093.98,4008.53,Net Banking,3.7,1.0
ORD101527,2025-07-11,CUST1309,Male,41,Guntur,South,Online,Clothing,Dress,5,2061.22,0.164,8615.9,5358.17,3257.73,UPI,4.0,7.0
ORD101528,2025-07-11,CUST1249,Female,20,Vijayawada,South,Store A,Clothing,T-Shirt,7,1575.7,0.214,8669.5,5394.48,3275.02,Cash,3.6,6.0
ORD101529,2025-07-11,CUST1538,Male,27,Guntur,South,Store D,Clothing,Dress,7,1359.09,0.063,8914.27,5670.59,3243.68,Net Banking,4.5,5.0
ORD101530,2025-07-12,CUST1506,Female,34,Guntur,South,Store A,Clothing,Jacket,6,1504.39,0.082,8286.18,5191.03,3095.15,UPI,3.6,1.0
ORD101531,2025-07-12,CUST1394,Male,56,Hyderabad,South,Store D,Beauty,Moisturizer,4,1741.8,0.134,6033.6,3969.84,2063.76,Debit Card,4.1,2.0
ORD101532,2025-07-13,CUST1406,Male,34,Mumbai,West,Store A,Grocery,Snacks,3,405.73,0.053,1152.68,952.16,200.52,Credit Card,4.1,6.0
ORD101533,2025-07-13,CUST1181,Male,47,Visakhapatnam,South,Store B,Electronics,Smartphone,6,25709.96,0.203,122945.03,94213.96,28731.07,Net Banking,4.4,7.0
ORD101534,2025-07-13,CUST1021,Female,35,Pune,West,Store C,Home & Kitchen,Mixer,7,2746.29,0.193,15513.79,10451.5,5062.29,Debit Card,4.5,7.0
ORD101535,2025-07-14,CUST1583,Male,30,Visakhapatnam,South,Online,Beauty,Moisturizer,3,1494.97,0.036,4323.45,2854.49,1468.96,UPI,4.4,3.0
ORD101536,2025-07-14,CUST1594,Female,32,Hyderabad,South,Store B,Electronics,Headphones,3,21228.92,0.116,56299.1,43978.31,12320.79,Cash,2.8,5.0
ORD101537,2025-07-14,CUST1155,Female,33,Hyderabad,South,Store A,Beauty,Lip Balm,7,1165.84,0.194,6577.67,4212.2,2365.47,Cash,4.7,6.0
ORD101538,2025-07-15,CUST1559,Female,42,Guntur,South,Online,Beauty,Face Wash,4,610.82,0.084,2238.04,1471.94,766.1,Debit Card,4.8,7.0
ORD101539,2025-07-15,CUST1194,Male,50,Chennai,South,Store C,Home & Kitchen,Cookware Set,4,1886.63,0.158,6354.17,4459.52,1894.65,Cash,3.7,4.0
ORD101540,2025-07-16,CUST1224,Female,39,Mumbai,West,Online,Grocery,Snacks,7,501.15,0.013,3462.45,2981.69,480.75,Credit Card,4.1,6.0
ORD101541,2025-07-16,CUST1399,Female,48,Bengaluru,South,Store A,Clothing,Jeans,3,1137.42,0.152,2893.6,1873.85,1019.74,Debit Card,3.5,4.0
ORD101542,2025-07-16,CUST1280,Female,24,Mumbai,West,Store D,Grocery,Cooking Oil,6,815.76,0.038,4708.57,4047.08,661.48,Debit Card,2.9,5.0
ORD101543,2025-07-17,CUST1010,Male,30,Bengaluru,South,Store B,Home & Kitchen,Chair,2,1438.48,0.208,2278.55,1543.43,735.12,Cash,3.6,1.0
ORD101544,2025-07-17,CUST1376,Female,27,Guntur,South,Store A,Home & Kitchen,Chair,1,2699.82,0.089,2459.54,1698.55,760.98,Debit Card,3.7,4.0
ORD101545,2025-07-17,CUST1472,Female,38,Bengaluru,South,Store D,Home & Kitchen,Bedsheet,4,3516.7,0.07,13082.12,8839.19,4242.93,UPI,3.8,6.0
ORD101546,2025-07-18,CUST1152,Female,31,Hyderabad,South,Store D,Electronics,Tablet,7,22444.07,0.21,124115.71,94472.84,29642.87,Net Banking,3.5,6.0
ORD101547,2025-07-18,CUST1124,Female,43,Visakhapatnam,South,Online,Grocery,Snacks,2,334.38,0.013,660.07,582.06,78.01,Net Banking,3.6,7.0
ORD101548,2025-07-18,CUST1553,Male,25,Bengaluru,South,Store B,Grocery,Juice,4,356.31,0.099,1284.14,1104.74,179.4,Cash,4.0,4.0
ORD101549,2025-07-19,CUST1424,Male,35,Mumbai,West,Store C,Beauty,Shampoo,3,853.27,0.093,2321.75,1440.58,881.17,Credit Card,3.6,2.0
ORD101550,2025-07-19,CUST1523,Female,43,Pune,West,Store C,Beauty,Face Wash,7,1099.65,0.071,7151.02,4606.92,2544.11,Credit Card,4.3,7.0
ORD101551,2025-07-20,CUST1513,Female,18,Guntur,South,Online,Beauty,Perfume,2,1883.18,0.228,2907.63,1837.56,1070.07,Cash,4.4,2.0
ORD101552,2025-07-20,CUST1171,Female,58,Chennai,South,Store B,Home & Kitchen,Bedsheet,7,3577.94,0.188,20337.01,14044.56,6292.46,Cash,5.0,2.0
ORD101553,2025-07-20,CUST1565,Female,32,Guntur,South,Store B,Grocery,Juice,6,677.44,0.016,3999.61,3482.76,516.84,Debit Card,4.6,4.0
ORD101554,2025-07-21,CUST1125,Male,18,Vijayawada,South,Store B,Home & Kitchen,Cookware Set,6,4006.98,0.179,19738.38,13777.59,5960.8,Credit Card,4.1,4.0
ORD101555,2025-07-21,CUST1175,Male,37,Guntur,South,Store D,Electronics,Smartphone,5,32797.04,0.132,142339.15,109944.9,32394.25,Net Banking,3.7,6.0
ORD101556,2025-07-21,CUST1504,Male,35,Hyderabad,South,Store B,Beauty,Lip Balm,1,220.01,0.225,170.51,111.27,59.24,Cash,4.2,5.0
ORD101557,2025-07-22,CUST1385,Male,34,Visakhapatnam,South,Online,Home & Kitchen,Cookware Set,1,3195.54,0.078,2946.29,1979.35,966.94,Net Banking,4.2,5.0
ORD101558,2025-07-22,CUST1571,Female,46,Visakhapatnam,South,Store B,Home & Kitchen,Chair,4,4807.14,0.144,16459.65,11354.54,5105.11,Net Banking,3.7,1.0
ORD101559,2025-07-22,CUST1106,Female,43,Pune,West,Online,Electronics,Laptop,1,20997.85,0.125,18373.12,14458.33,3914.79,Credit Card,4.4,4.0
ORD101560,2025-07-23,CUST1528,Male,38,Bengaluru,South,Store A,Clothing,Jacket,7,2681.24,0.122,16478.9,10090.27,6388.63,Net Banking,3.2,7.0
ORD101561,2025-07-23,CUST1038,Male,40,Hyderabad,South,Store D,Grocery,Rice,7,722.58,0.114,4481.44,3978.89,502.55,Debit Card,3.9,7.0
ORD101562,2025-07-24,CUST1395,Female,34,Vijayawada,South,Online,Clothing,Jacket,5,1565.43,0.051,7427.97,4559.8,2868.17,Debit Card,4.3,5.0
ORD101563,2025-07-24,CUST1477,Female,55,Hyderabad,South,Store A,Beauty,Moisturizer,6,1023.89,0.189,4982.25,3139.74,1842.51,Credit Card,3.8,5.0
ORD101564,2025-07-24,CUST1467,Female,19,Guntur,South,Online,Home & Kitchen,Cookware Set,2,2486.39,0.113,4410.86,3015.37,1395.48,Debit Card,3.9,2.0
ORD101565,2025-07-25,CUST1505,Female,37,Hyderabad,South,Store C,Electronics,Tablet,2,20592.84,0.24,31301.12,24095.4,7205.72,Cash,3.9,2.0
ORD101566,2025-07-25,CUST1315,Female,36,Hyderabad,South,Online,Electronics,Smartwatch,6,16371.88,0.065,91846.25,70948.72,20897.52,Credit Card,3.5,7.0
ORD101567,2025-07-25,CUST1285,Male,44,Pune,West,Store D,Grocery,Rice,3,564.32,0.171,1403.46,1186.08,217.38,Net Banking,4.6,7.0
ORD101568,2025-07-26,CUST1464,Male,26,Vijayawada,South,Store B,Clothing,Shoes,6,1071.98,0.235,4920.39,3074.5,1845.89,Cash,3.4,2.0
ORD101569,2025-07-26,CUST1264,Female,18,Guntur,South,Store B,Grocery,Cooking Oil,2,590.56,0.166,985.05,836.69,148.36,Credit Card,4.2,3.0
ORD101570,2025-07-26,CUST1429,Female,37,Chennai,South,Store B,Home & Kitchen,Chair,4,4128.08,0.218,12912.63,8545.27,4367.37,Net Banking,4.2,5.0
ORD101571,2025-07-27,CUST1365,Male,38,Pune,West,Store A,Grocery,Juice,5,250.82,0.207,994.5,840.97,153.53,Net Banking,3.5,2.0
ORD101572,2025-07-27,CUST1181,Female,51,Chennai,South,Store A,Electronics,Smartwatch,6,35848.73,0.09,195734.07,146747.25,48986.82,Net Banking,4.0,2.0
ORD101573,2025-07-28,CUST1244,Male,21,Pune,West,Store A,Electronics,Smartwatch,3,28595.27,0.15,72917.94,55937.93,16980.0,Net Banking,3.5,4.0
ORD101574,2025-07-28,CUST1313,Male,48,Visakhapatnam,South,Store C,Beauty,Shampoo,4,1462.39,0.039,5621.43,3672.33,1949.1,Net Banking,4.8,7.0
ORD101575,2025-07-28,CUST1076,Male,61,Mumbai,West,Online,Beauty,Perfume,6,934.47,0.134,4855.51,3025.12,1830.39,Credit Card,3.4,6.0
ORD101576,2025-07-29,CUST1262,Male,31,Pune,West,Store A,Home & Kitchen,Lamp,4,4122.38,0.058,15533.13,10629.44,4903.68,Debit Card,3.6,2.0
ORD101577,2025-07-29,CUST1231,Female,21,Bengaluru,South,Store A,Clothing,Jeans,6,2363.2,0.186,11541.87,7004.39,4537.48,Net Banking,3.3,4.0
ORD101578,2025-07-29,CUST1380,Female,31,Hyderabad,South,Store D,Grocery,Coffee,4,485.21,0.132,1684.65,1465.2,219.45,Cash,3.3,1.0
ORD101579,2025-07-30,CUST1309,Male,35,Visakhapatnam,South,Store B,Home & Kitchen,Cookware Set,7,5501.92,0.103,34546.56,23228.34,11318.22,Credit Card,4.9,2.0
ORD101580,2025-07-30,CUST1388,Female,41,Vijayawada,South,Store A,Beauty,Perfume,1,1215.42,0.067,1133.99,712.02,421.97,UPI,4.3,6.0
ORD101581,2025-07-30,CUST1325,Female,28,Chennai,South,Store A,Grocery,Juice,4,671.12,0.25,2013.36,1756.41,256.95,Debit Card,4.1,4.0
ORD101582,2025-07-31,CUST1456,Female,52,Mumbai,West,Online,Beauty,Perfume,7,1302.55,0.018,8953.73,5669.85,3283.88,Cash,3.6,6.0
ORD101583,2025-07-31,CUST1512,Female,23,Mumbai,West,Online,Grocery,Rice,1,587.83,0.011,581.36,497.13,84.23,Net Banking,4.5,2.0
ORD101584,2025-08-01,CUST1343,Male,18,Pune,West,Store B,Clothing,Shoes,2,964.33,0.054,1824.51,1086.0,738.52,Credit Card,3.5,1.0
ORD101585,2025-08-01,CUST1516,Female,47,Hyderabad,South,Store D,Home & Kitchen,Bedsheet,1,3871.05,0.243,2930.38,2026.61,903.77,Credit Card,4.4,2.0
ORD101586,2025-08-01,CUST1442,Male,18,Vijayawada,South,Store C,Grocery,Coffee,4,389.75,0.245,1177.04,1027.22,149.83,Net Banking,3.5,4.0
ORD101587,2025-08-02,CUST1549,Male,33,Bengaluru,South,Store D,Electronics,Tablet,5,19075.21,0.164,79734.38,60604.08,19130.3,Cash,3.6,1.0
ORD101588,2025-08-02,CUST1583,Female,69,Vijayawada,South,Store D,Electronics,Tablet,5,37208.72,0.22,145114.01,107254.15,37859.85,Credit Card,4.4,1.0
ORD101589,2025-08-02,CUST1262,Male,35,Hyderabad,South,Store D,Grocery,Cooking Oil,2,467.93,0.053,886.26,778.77,107.48,Debit Card,4.5,1.0
ORD101590,2025-08-03,CUST1463,Female,23,Bengaluru,South,Store B,Grocery,Coffee,4,349.5,0.243,1058.29,899.21,159.07,Cash,4.3,3.0
ORD101591,2025-08-03,CUST1227,Female,34,Vijayawada,South,Store A,Grocery,Rice,1,446.13,0.036,430.07,366.84,63.23,Net Banking,3.4,4.0
ORD101592,2025-08-04,CUST1523,Male,34,Bengaluru,South,Store C,Electronics,Headphones,5,15896.85,0.025,77497.14,61348.97,16148.18,Cash,3.8,3.0
ORD101593,2025-08-04,CUST1189,Female,37,Pune,West,Online,Electronics,Smartphone,6,35037.19,0.028,204336.89,153329.14,51007.75,Cash,4.1,6.0
ORD101594,2025-08-04,CUST1209,Male,42,Pune,West,Store D,Grocery,Snacks,3,395.65,0.143,1017.22,886.49,130.72,UPI,3.5,1.0
ORD101595,2025-08-05,CUST1013,Male,24,Hyderabad,South,Online,Beauty,Face Wash,4,1385.25,0.195,4460.5,2883.61,1576.9,Net Banking,4.8,3.0
ORD101596,2025-08-05,CUST1162,Female,54,Hyderabad,South,Online,Beauty,Face Wash,7,1674.64,0.092,10644.01,6860.01,3784.0,Debit Card,2.7,2.0
ORD101597,2025-08-05,CUST1572,Female,38,Bengaluru,South,Store A,Clothing,Shoes,7,1549.92,0.244,8202.18,5111.16,3091.01,Net Banking,3.6,3.0
ORD101598,2025-08-06,CUST1493,Female,43,Guntur,South,Store D,Home & Kitchen,Mixer,6,4032.02,0.109,21555.18,14756.83,6798.35,UPI,3.7,5.0
ORD101599,2025-08-06,CUST1435,Male,28,Visakhapatnam,South,Store D,Beauty,Perfume,6,839.47,0.038,4845.42,3116.25,1729.17,Net Banking,2.4,6.0
ORD101600,2025-08-06,CUST1005,Female,49,Mumbai,West,Online,Electronics,Smartwatch,4,42120.39,0.116,148937.7,113086.87,35850.83,Net Banking,3.2,1.0
ORD101601,2025-08-07,CUST1202,Male,32,Vijayawada,South,Online,Beauty,Moisturizer,3,1527.73,0.17,3804.05,2500.82,1303.23,Debit Card,4.3,1.0
ORD101602,2025-08-07,CUST1416,Male,38,Vijayawada,South,Store D,Clothing,Shoes,5,1703.7,0.208,6746.65,4084.09,2662.56,UPI,4.0,7.0
ORD101603,2025-08-08,CUST1012,Female,25,Guntur,South,Store B,Clothing,Jacket,3,1413.58,0.115,3753.05,2369.68,1383.38,Net Banking,4.9,6.0
ORD101604,2025-08-08,CUST1397,Female,24,Guntur,South,Online,Home & Kitchen,Bedsheet,2,3386.0,0.148,5769.74,3981.5,1788.24,Net Banking,4.8,6.0
ORD101605,2025-08-08,CUST1341,Female,43,Guntur,South,Store A,Beauty,Face Wash,1,1081.01,0.067,1008.58,653.61,354.98,Credit Card,4.2,4.0
ORD101606,2025-08-09,CUST1373,Male,30,Chennai,South,Online,Electronics,Headphones,1,38670.61,0.161,32444.64,25153.69,7290.95,Net Banking,4.2,2.0
ORD101607,2025-08-09,CUST1378,Female,26,Chennai,South,Online,Electronics,Smartphone,6,16421.26,0.246,74289.78,56366.13,17923.65,Debit Card,4.0,7.0
ORD101608,2025-08-09,CUST1225,Male,28,Bengaluru,South,Store C,Grocery,Rice,5,520.22,0.012,2569.89,2135.75,434.14,Credit Card,2.5,6.0
ORD101609,2025-08-10,CUST1182,Female,43,Chennai,South,Store D,Electronics,Smartphone,3,24871.63,0.222,58050.38,44060.88,13989.5,UPI,3.2,7.0
ORD101610,2025-08-10,CUST1297,Female,28,Pune,West,Store C,Home & Kitchen,Lamp,6,3382.59,0.141,17433.87,11643.52,5790.35,Cash,4.1,6.0
ORD101611,2025-08-10,CUST1307,Male,34,Pune,West,Store C,Home & Kitchen,Chair,4,3391.38,0.063,12710.89,8529.54,4181.35,Debit Card,4.3,7.0
ORD101612,2025-08-11,CUST1431,Male,35,Hyderabad,South,Store B,Electronics,Tablet,6,24187.5,0.239,110440.12,82057.42,28382.7,UPI,4.2,4.0
ORD101613,2025-08-11,CUST1118,Female,18,Mumbai,West,Online,Electronics,Smartwatch,4,31111.46,0.121,109387.89,82420.49,26967.41,Credit Card,3.5,6.0
ORD101614,2025-08-12,CUST1352,Female,19,Bengaluru,South,Online,Grocery,Juice,4,591.35,0.083,2169.07,1845.37,323.7,Cash,4.5,3.0
ORD101615,2025-08-12,CUST1588,Female,39,Mumbai,West,Online,Electronics,Headphones,2,27932.38,0.045,53350.85,38811.4,14539.45,UPI,4.8,5.0
ORD101616,2025-08-12,CUST1046,Female,27,Vijayawada,South,Store A,Grocery,Cooking Oil,2,50.0,0.061,93.9,81.77,12.13,Debit Card,4.5,5.0
ORD101617,2025-08-13,CUST1227,Female,47,Visakhapatnam,South,Online,Grocery,Coffee,4,544.97,0.208,1726.46,1544.1,182.37,Credit Card,4.5,5.0
ORD101618,2025-08-13,CUST1356,Male,46,Hyderabad,South,Online,Electronics,Laptop,5,13410.52,0.154,56726.5,43582.59,13143.91,Debit Card,3.7,6.0
ORD101619,2025-08-13,CUST1294,Male,43,Vijayawada,South,Store B,Clothing,Jeans,2,2123.16,0.228,3278.16,2025.03,1253.12,Debit Card,4.6,7.0
ORD101620,2025-08-14,CUST1240,Male,55,Vijayawada,South,Store A,Clothing,T-Shirt,2,2537.25,0.058,4780.18,2960.79,1819.39,Credit Card,4.1,5.0
ORD101621,2025-08-14,CUST1348,Male,34,Bengaluru,South,Store B,Grocery,Cooking Oil,1,361.06,0.03,350.23,298.91,51.31,Net Banking,4.3,2.0
ORD101622,2025-08-14,CUST1141,Female,42,Guntur,South,Online,Electronics,Smartphone,6,23167.53,0.002,138727.17,105603.53,33123.64,Debit Card,4.2,3.0
ORD101623,2025-08-15,CUST1204,Male,29,Guntur,South,Store D,Clothing,Shoes,1,1500.32,0.127,1309.78,811.52,498.26,Credit Card,3.9,5.0
ORD101624,2025-08-15,CUST1269,Male,62,Mumbai,West,Online,Electronics,Smartwatch,5,33648.02,0.25,126180.07,94445.09,31734.99,Debit Card,3.5,1.0
ORD101625,2025-08-16,CUST1313,Male,57,Hyderabad,South,Store B,Electronics,Smartwatch,2,25665.2,0.174,42398.91,33199.28,9199.63,Net Banking,4.0,6.0
ORD101626,2025-08-16,CUST1418,Female,35,Guntur,South,Store D,Electronics,Smartphone,7,37098.31,0.077,239692.18,177289.7,62402.49,Credit Card,4.5,3.0
ORD101627,2025-08-16,CUST1137,Male,39,Vijayawada,South,Store A,Beauty,Perfume,2,1344.81,0.219,2100.59,1361.76,738.83,UPI,3.8,2.0
ORD101628,2025-08-17,CUST1351,Female,50,Guntur,South,Store C,Electronics,Headphones,3,26697.15,0.195,64473.62,48910.69,15562.92,UPI,4.5,5.0
ORD101629,2025-08-17,CUST1161,Male,33,Chennai,South,Store D,Beauty,Face Wash,5,1223.87,0.004,6094.87,4034.18,2060.69,UPI,4.4,2.0
ORD101630,2025-08-17,CUST1173,Female,28,Guntur,South,Store A,Grocery,Rice,7,622.7,0.204,3469.68,3002.24,467.45,Cash,3.8,6.0
ORD101631,2025-08-18,CUST1130,Male,45,Vijayawada,South,Online,Clothing,Shoes,6,931.16,0.075,5167.94,3183.36,1984.57,Debit Card,4.8,5.0
ORD101632,2025-08-18,CUST1079,Female,36,Mumbai,West,Store B,Clothing,Jeans,6,1842.67,0.037,10646.95,6571.67,4075.27,Debit Card,3.8,1.0
ORD101633,2025-08-18,CUST1569,Male,37,Bengaluru,South,Store D,Clothing,T-Shirt,7,1764.98,0.057,11650.63,7228.58,4422.05,Credit Card,4.8,3.0
ORD101634,2025-08-19,CUST1057,Female,26,Hyderabad,South,Store C,Clothing,T-Shirt,6,2162.71,0.117,11458.04,6957.85,4500.18,Cash,4.2,7.0
ORD101635,2025-08-19,CUST1400,Female,18,Visakhapatnam,South,Store D,Clothing,Jeans,7,1706.15,0.106,10677.09,6528.42,4148.67,Debit Card,4.0,1.0
ORD101636,2025-08-20,CUST1363,Male,38,Guntur,South,Store A,Clothing,Shoes,5,1280.63,0.072,5942.12,3565.75,2376.37,Credit Card,3.5,5.0
ORD101637,2025-08-20,CUST1335,Female,45,Pune,West,Store A,Clothing,T-Shirt,7,1803.68,0.043,12082.85,7366.91,4715.94,Net Banking,4.0,4.0
ORD101638,2025-08-20,CUST1134,Female,33,Pune,West,Online,Grocery,Juice,7,337.57,0.191,1911.66,1646.81,264.85,Debit Card,3.9,3.0
ORD101639,2025-08-21,CUST1014,Male,51,Mumbai,West,Store B,Electronics,Smartwatch,3,11523.16,0.248,25996.25,19863.9,6132.35,Debit Card,3.3,2.0
ORD101640,2025-08-21,CUST1283,Male,27,Vijayawada,South,Online,Home & Kitchen,Lamp,3,4227.12,0.194,10221.18,6702.77,3518.4,Net Banking,3.9,5.0
ORD101641,2025-08-21,CUST1421,Female,23,Visakhapatnam,South,Online,Beauty,Perfume,1,1402.67,0.074,1298.87,829.23,469.65,Net Banking,3.6,1.0
ORD101642,2025-08-22,CUST1127,Male,34,Visakhapatnam,South,Store B,Home & Kitchen,Bedsheet,5,3967.09,0.061,18625.49,12793.78,5831.71,Debit Card,4.3,6.0
ORD101643,2025-08-22,CUST1218,Male,34,Chennai,South,Store B,Home & Kitchen,Lamp,5,4802.93,0.054,22717.86,15402.84,7315.02,Net Banking,4.7,7.0
ORD101644,2025-08-22,CUST1489,Male,43,Visakhapatnam,South,Store D,Electronics,Headphones,3,20344.78,0.034,58959.17,44297.78,14661.39,Credit Card,3.3,4.0
ORD101645,2025-08-23,CUST1260,Female,26,Pune,West,Online,Electronics,Smartwatch,4,14982.2,0.138,51658.63,38969.29,12689.34,Debit Card,4.9,7.0
ORD101646,2025-08-23,CUST1218,Female,50,Bengaluru,South,Online,Electronics,Smartphone,4,24509.79,0.151,83235.25,62643.04,20592.2,Debit Card,3.9,6.0
ORD101647,2025-08-24,CUST1489,Female,57,Vijayawada,South,Store C,Clothing,Jacket,1,1626.25,0.176,1340.03,821.3,518.73,UPI,3.5,5.0
ORD101648,2025-08-24,CUST1443,Female,35,Vijayawada,South,Online,Grocery,Snacks,4,373.66,0.17,1240.55,1070.21,170.34,Debit Card,4.4,2.0
ORD101649,2025-08-24,CUST1099,Female,49,Guntur,South,Store A,Clothing,Shoes,4,1760.08,0.073,6526.38,4214.43,2311.94,UPI,3.8,1.0
ORD101650,2025-08-25,CUST1182,Female,23,Guntur,South,Online,Grocery,Coffee,4,408.26,0.083,1497.5,1270.61,226.89,Net Banking,4.0,3.0
ORD101651,2025-08-25,CUST1169,Female,47,Guntur,South,Online,Grocery,Cooking Oil,2,224.6,0.17,372.84,318.8,54.03,Net Banking,3.8,4.0
ORD101652,2025-08-25,CUST1233,Male,47,Pune,West,Store A,Home & Kitchen,Lamp,1,3058.82,0.087,2792.7,1897.27,895.43,Credit Card,3.6,5.0
ORD101653,2025-08-26,CUST1093,Female,44,Pune,West,Store B,Home & Kitchen,Lamp,3,2363.62,0.053,6715.04,4509.74,2205.31,UPI,4.4,5.0
ORD101654,2025-08-26,CUST1472,Female,35,Mumbai,West,Store A,Grocery,Coffee,4,534.75,0.094,1937.93,1699.57,238.36,Debit Card,3.8,5.0
ORD101655,2025-08-27,CUST1516,Male,18,Pune,West,Store B,Grocery,Cooking Oil,6,401.59,0.068,2245.69,1848.87,396.82,UPI,,5.0
ORD101656,2025-08-27,CUST1085,Male,28,Pune,West,Online,Clothing,Dress,7,2355.82,0.022,16127.94,9903.74,6224.2,Net Banking,4.3,1.0
ORD101657,2025-08-27,CUST1519,Male,28,Pune,West,Store C,Clothing,Jeans,2,2601.93,0.208,4121.46,2592.94,1528.51,Net Banking,3.3,3.0
ORD101658,2025-08-28,CUST1381,Female,24,Pune,West,Store A,Home & Kitchen,Chair,4,4179.38,0.213,13156.69,8899.19,4257.5,Credit Card,3.4,2.0
ORD101659,2025-08-28,CUST1407,Male,36,Bengaluru,South,Store B,Electronics,Tablet,7,14142.82,0.055,93554.75,70051.08,23503.67,Net Banking,4.7,4.0
ORD101660,2025-08-28,CUST1232,Female,30,Pune,West,Online,Grocery,Juice,7,725.78,0.016,4999.17,4333.4,665.78,UPI,3.3,7.0
ORD101661,2025-08-29,CUST1251,Female,26,Mumbai,West,Store D,Clothing,T-Shirt,2,2587.86,0.185,4218.21,2657.96,1560.25,Debit Card,2.7,5.0
ORD101662,2025-08-29,CUST1085,Female,23,Visakhapatnam,South,Store C,Home & Kitchen,Bedsheet,1,3518.79,0.053,3332.29,2274.55,1057.74,Debit Card,4.3,6.0
ORD101663,2025-08-29,CUST1319,Male,27,Visakhapatnam,South,Store A,Clothing,Dress,6,2461.46,0.098,13321.42,8140.17,5181.26,UPI,3.8,5.0
ORD101664,2025-08-30,CUST1193,Male,47,Chennai,South,Online,Grocery,Rice,6,417.25,0.016,2463.44,2135.96,327.49,Credit Card,3.9,3.0
ORD101665,2025-08-30,CUST1300,Female,28,Bengaluru,South,Online,Grocery,Snacks,6,220.06,0.057,1245.1,1063.04,182.06,Debit Card,3.8,3.0
ORD101666,2025-08-31,CUST1358,Female,29,Guntur,South,Store B,Beauty,Moisturizer,4,933.9,0.198,2995.95,1943.13,1052.82,UPI,4.1,1.0
ORD101667,2025-08-31,CUST1557,Female,30,Hyderabad,South,Store A,Electronics,Smartphone,2,37105.11,0.201,59293.97,46266.55,13027.42,UPI,3.6,1.0
ORD101668,2025-08-31,CUST1453,Male,39,Pune,West,Store A,Beauty,Perfume,6,678.12,0.052,3857.15,2352.8,1504.35,Net Banking,4.8,6.0
ORD101669,2025-09-01,CUST1563,Female,40,Chennai,South,Store A,Home & Kitchen,Lamp,7,3499.52,0.084,22438.92,15288.97,7149.95,Net Banking,3.2,6.0
ORD101670,2025-09-01,CUST1506,Male,18,Hyderabad,South,Store D,Clothing,T-Shirt,7,1817.07,0.034,12287.03,7379.95,4907.08,Credit Card,4.2,1.0
ORD101671,2025-09-01,CUST1065,Female,46,Mumbai,West,Online,Home & Kitchen,Bedsheet,5,2987.03,0.019,14651.38,10400.83,4250.55,Credit Card,4.4,4.0
ORD101672,2025-09-02,CUST1566,Male,51,Visakhapatnam,South,Store C,Grocery,Snacks,5,433.47,0.248,1629.85,1389.86,239.99,Credit Card,3.6,6.0
ORD101673,2025-09-02,CUST1222,Female,23,Chennai,South,Online,Beauty,Lip Balm,2,1225.29,0.164,2048.68,1328.77,719.91,UPI,3.4,1.0
ORD101674,2025-09-02,CUST1466,Male,24,Mumbai,West,Store C,Beauty,Moisturizer,4,1003.24,0.136,3467.2,2217.6,1249.6,UPI,4.6,5.0
ORD101675,2025-09-03,CUST1072,Male,30,Chennai,South,Store D,Beauty,Shampoo,4,702.28,0.191,2272.58,1433.43,839.15,Net Banking,3.5,1.0
ORD101676,2025-09-03,CUST1474,Male,27,Vijayawada,South,Online,Home & Kitchen,Lamp,1,3715.03,0.21,2934.87,1962.59,972.28,Debit Card,3.7,7.0
ORD101677,2025-09-04,CUST1019,Male,37,Mumbai,West,Store A,Grocery,Cooking Oil,1,661.0,0.202,527.48,466.58,60.9,Credit Card,4.5,4.0
ORD101678,2025-09-04,CUST1522,Male,18,Visakhapatnam,South,Store C,Clothing,Dress,6,2234.79,0.004,13355.11,8422.64,4932.46,Cash,4.0,1.0
ORD101679,2025-09-04,CUST1415,Male,23,Visakhapatnam,South,Store D,Clothing,Jacket,3,1395.13,0.047,3988.68,2559.5,1429.18,Credit Card,3.0,1.0
ORD101680,2025-09-05,CUST1364,Female,52,Bengaluru,South,Store A,Home & Kitchen,Cookware Set,7,2248.77,0.164,13159.8,8957.6,4202.2,Net Banking,5.0,5.0
ORD101681,2025-09-05,CUST1528,Female,25,Chennai,South,Store C,Beauty,Face Wash,1,1100.53,0.094,997.08,641.44,355.64,UPI,3.7,6.0
ORD101682,2025-09-05,CUST1080,Female,49,Pune,West,Store C,Electronics,Laptop,4,35974.54,0.246,108499.21,82062.82,26436.4,Net Banking,3.8,5.0
ORD101683,2025-09-06,CUST1190,Female,39,Visakhapatnam,South,Online,Home & Kitchen,Lamp,7,4145.6,0.166,24202.01,16372.33,7829.69,Net Banking,4.1,7.0
ORD101684,2025-09-06,CUST1148,Male,18,Chennai,South,Store C,Home & Kitchen,Chair,3,4203.96,0.239,9597.64,6404.0,3193.64,Net Banking,4.3,7.0
ORD101685,2025-09-06,CUST1443,Female,42,Bengaluru,South,Online,Grocery,Juice,1,633.48,0.05,601.81,518.34,83.47,Cash,5.0,5.0
ORD101686,2025-09-07,CUST1265,Male,34,Pune,West,Store C,Clothing,Shoes,2,2010.38,0.216,3152.28,1926.65,1225.63,Cash,3.1,1.0
ORD101687,2025-09-07,CUST1509,Male,30,Mumbai,West,Online,Home & Kitchen,Lamp,5,3620.61,0.08,16654.81,11415.35,5239.45,Credit Card,4.5,5.0
ORD101688,2025-09-08,CUST1301,Male,38,Bengaluru,South,Store D,Home & Kitchen,Mixer,1,4162.31,0.247,3134.22,2137.79,996.43,UPI,4.4,3.0
ORD101689,2025-09-08,CUST1466,Female,40,Vijayawada,South,Online,Beauty,Face Wash,1,1008.84,0.039,969.5,623.69,345.81,Net Banking,3.9,2.0
ORD101690,2025-09-08,CUST1365,Male,43,Pune,West,Store C,Beauty,Lip Balm,2,704.94,0.129,1228.01,809.62,418.38,Debit Card,4.4,2.0
ORD101691,2025-09-09,CUST1399,Female,48,Chennai,South,Store D,Electronics,Laptop,4,30060.98,0.198,96435.62,73241.32,23194.31,Credit Card,4.5,5.0
ORD101692,2025-09-09,CUST1493,Female,39,Visakhapatnam,South,Store D,Grocery,Coffee,6,685.66,0.108,3669.65,3198.89,470.76,Credit Card,3.2,6.0
ORD101693,2025-09-09,CUST1542,Female,20,Visakhapatnam,South,Store C,Electronics,Tablet,2,17172.38,0.117,30326.42,23899.18,6427.24,Net Banking,5.0,4.0
ORD101694,2025-09-10,CUST1480,Female,30,Chennai,South,Store A,Beauty,Face Wash,6,1487.67,0.247,6721.29,4402.8,2318.5,Credit Card,3.1,7.0
ORD101695,2025-09-10,CUST1168,Female,67,Chennai,South,Store A,Clothing,Jeans,1,2640.38,0.106,2360.5,1493.89,866.61,Net Banking,3.4,5.0
ORD101696,2025-09-10,CUST1091,Male,43,Chennai,South,Store A,Beauty,Lip Balm,4,1199.21,0.151,4072.52,2592.02,1480.49,Credit Card,3.9,6.0
ORD101697,2025-09-11,CUST1300,Male,61,Guntur,South,Online,Grocery,Juice,3,377.3,0.014,1116.05,963.77,152.28,UPI,5.0,5.0
ORD101698,2025-09-11,CUST1174,Female,50,Pune,West,Store B,Beauty,Moisturizer,1,1243.06,0.211,980.77,612.8,367.97,Credit Card,3.8,1.0
ORD101699,2025-09-12,CUST1373,Male,38,Visakhapatnam,South,Store B,Grocery,Snacks,2,417.42,0.162,699.6,607.06,92.54,Credit Card,4.0,7.0
ORD101700,2025-09-12,CUST1024,Female,38,Pune,West,Online,Grocery,Snacks,3,407.49,0.101,1099.0,949.81,149.19,Debit Card,4.8,7.0
ORD101701,2025-09-12,CUST1201,Male,35,Bengaluru,South,Store B,Grocery,Coffee,5,564.98,0.004,2813.6,2420.71,392.89,UPI,3.8,6.0
ORD101702,2025-09-13,CUST1007,Male,18,Visakhapatnam,South,Store C,Grocery,Coffee,3,259.44,0.148,663.13,580.84,82.29,UPI,3.4,7.0
ORD101703,2025-09-13,CUST1006,Male,35,Guntur,South,Store A,Grocery,Coffee,2,283.41,0.003,565.12,475.44,89.68,UPI,3.8,4.0
ORD101704,2025-09-13,CUST1161,Male,48,Chennai,South,Online,Clothing,Jacket,7,1809.65,0.0,12667.55,8085.0,4582.55,Credit Card,4.8,5.0
ORD101705,2025-09-14,CUST1597,Male,28,Vijayawada,South,Online,Electronics,Smartwatch,3,24843.84,0.154,63053.67,48698.63,14355.04,Cash,4.0,3.0
ORD101706,2025-09-14,CUST1248,Male,40,Chennai,South,Online,Home & Kitchen,Mixer,2,3843.55,0.047,7325.81,4975.21,2350.59,Credit Card,5.0,6.0
ORD101707,2025-09-15,CUST1166,Male,44,Mumbai,West,Store C,Electronics,Tablet,7,38126.58,0.048,254075.53,192580.45,61495.07,Net Banking,4.4,2.0
ORD101708,2025-09-15,CUST1428,Male,25,Chennai,South,Online,Grocery,Juice,1,515.68,0.163,431.62,374.41,57.22,Debit Card,3.6,6.0
ORD101709,2025-09-15,CUST1145,Male,30,Guntur,South,Store A,Clothing,Jeans,7,2099.09,0.013,14502.61,9237.77,5264.84,UPI,4.0,3.0
ORD101710,2025-09-16,CUST1511,Male,24,Pune,West,Store A,Beauty,Shampoo,4,858.56,0.078,3166.37,2030.18,1136.19,Net Banking,3.5,7.0
ORD101711,2025-09-16,CUST1543,Male,26,Visakhapatnam,South,Store A,Clothing,Shoes,5,2183.97,0.037,10515.82,6536.71,3979.11,Net Banking,3.6,3.0
ORD101712,2025-09-16,CUST1509,Male,21,Chennai,South,Store D,Grocery,Rice,7,421.04,0.145,2519.92,2167.84,352.08,Cash,5.0,7.0
ORD101713,2025-09-17,CUST1220,Male,25,Visakhapatnam,South,Store C,Clothing,Jacket,4,1835.71,0.165,6131.27,3923.32,2207.95,UPI,4.6,3.0
ORD101714,2025-09-17,CUST1576,Female,51,Hyderabad,South,Store C,Clothing,Jacket,4,1745.58,0.18,5725.5,3526.24,2199.26,Credit Card,4.5,4.0
ORD101715,2025-09-17,CUST1076,Male,25,Bengaluru,South,Store A,Grocery,Rice,4,654.95,0.064,2452.13,2107.71,344.42,UPI,3.7,4.0
ORD101716,2025-09-18,CUST1319,Male,36,Pune,West,Store C,Clothing,Jacket,7,1145.01,0.022,7838.74,4988.04,2850.7,Debit Card,4.9,6.0
ORD101717,2025-09-18,CUST1038,Male,29,Visakhapatnam,South,Store D,Home & Kitchen,Chair,2,1216.76,0.02,2384.85,1625.99,758.86,UPI,4.6,4.0
ORD101718,2025-09-19,CUST1566,Male,48,Vijayawada,South,Store C,Home & Kitchen,Lamp,2,3286.57,0.107,5869.81,4073.17,1796.65,Net Banking,5.0,2.0
ORD101719,2025-09-19,CUST1514,Male,49,Bengaluru,South,Online,Clothing,Shoes,5,2034.27,0.236,7770.91,4738.94,3031.98,Net Banking,5.0,7.0
ORD101720,2025-09-19,CUST1246,Male,45,Mumbai,West,Store B,Beauty,Face Wash,2,1253.29,0.054,2371.22,1511.98,859.25,Credit Card,3.2,1.0
ORD101721,2025-09-20,CUST1140,Female,38,Mumbai,West,Online,Grocery,Snacks,6,684.83,0.064,3846.01,3395.94,450.06,Credit Card,3.4,6.0
ORD101722,2025-09-20,CUST1258,Female,32,Vijayawada,South,Store D,Home & Kitchen,Cookware Set,2,3937.37,0.025,7677.87,5157.39,2520.48,Credit Card,3.4,5.0
ORD101723,2025-09-20,CUST1381,Female,22,Chennai,South,Store B,Beauty,Shampoo,2,1002.65,0.151,1702.5,1086.63,615.87,Debit Card,3.5,5.0
ORD101724,2025-09-21,CUST1478,Male,56,Bengaluru,South,Store B,Clothing,Jacket,2,637.29,0.17,1057.9,658.93,398.97,UPI,4.2,6.0
ORD101725,2025-09-21,CUST1185,Male,27,Visakhapatnam,South,Store D,Beauty,Shampoo,1,1116.94,0.161,937.11,589.07,348.04,Cash,3.7,1.0
ORD101726,2025-09-21,CUST1303,Male,42,Bengaluru,South,Online,Electronics,Laptop,5,32195.71,0.215,126368.16,95324.44,31043.72,UPI,5.0,5.0
ORD101727,2025-09-22,CUST1494,Female,47,Chennai,South,Store C,Home & Kitchen,Mixer,6,3107.95,0.122,16372.68,11156.0,5216.69,Credit Card,5.0,6.0
ORD101728,2025-09-22,CUST1164,Male,29,Guntur,South,Store B,Clothing,Jacket,2,1814.16,0.034,3504.96,2174.9,1330.06,Debit Card,4.0,6.0
ORD101729,2025-09-23,CUST1203,Male,46,Pune,West,Online,Grocery,Cooking Oil,5,563.2,0.072,2613.25,2299.19,314.06,UPI,5.0,3.0
ORD101730,2025-09-23,CUST1408,Female,43,Vijayawada,South,Store D,Clothing,T-Shirt,3,1292.35,0.166,3233.46,2060.37,1173.09,Net Banking,4.8,2.0
ORD101731,2025-09-23,CUST1210,Female,54,Chennai,South,Store C,Grocery,Rice,1,593.49,0.153,502.69,425.65,77.04,UPI,3.8,5.0
ORD101732,2025-09-24,CUST1101,Male,30,Guntur,South,Store C,Clothing,Dress,7,2618.56,0.133,15892.04,9872.8,6019.24,Net Banking,2.9,2.0
ORD101733,2025-09-24,CUST1446,Male,21,Bengaluru,South,Store B,Beauty,Moisturizer,2,1139.52,0.171,1889.32,1223.84,665.48,UPI,3.9,7.0
ORD101734,2025-09-24,CUST1561,Male,29,Bengaluru,South,Store D,Beauty,Face Wash,6,804.83,0.159,4061.17,2670.09,1391.08,UPI,3.6,6.0
ORD101735,2025-09-25,CUST1368,Male,37,Chennai,South,Store B,Beauty,Perfume,1,1176.69,0.22,917.82,595.0,322.82,UPI,4.1,1.0
ORD101736,2025-09-25,CUST1239,Female,36,Visakhapatnam,South,Online,Electronics,Tablet,6,9429.31,0.147,48259.21,36869.06,11390.15,Credit Card,4.0,6.0
ORD101737,2025-09-25,CUST1291,Male,31,Bengaluru,South,Store C,Grocery,Juice,7,550.54,0.195,3102.29,2699.98,402.31,Net Banking,4.0,5.0
ORD101738,2025-09-26,CUST1372,Male,18,Visakhapatnam,South,Store C,Beauty,Face Wash,7,1358.3,0.062,8918.6,5777.13,3141.47,Debit Card,4.3,2.0
ORD101739,2025-09-26,CUST1431,Female,40,Visakhapatnam,South,Store D,Electronics,Laptop,1,36729.45,0.17,30485.44,22782.04,7703.4,Cash,3.3,3.0
ORD101740,2025-09-27,CUST1280,Male,57,Pune,West,Online,Grocery,Rice,3,470.9,0.226,1093.43,943.61,149.82,Net Banking,4.2,3.0
ORD101741,2025-09-27,CUST1467,Male,40,Visakhapatnam,South,Online,Clothing,Jacket,5,2004.24,0.096,9059.16,5764.2,3294.96,Credit Card,3.8,6.0
ORD101742,2025-09-27,CUST1316,Female,42,Hyderabad,South,Store C,Electronics,Smartwatch,1,18970.98,0.195,15271.64,11563.13,3708.51,Net Banking,4.1,1.0
ORD101743,2025-09-28,CUST1077,Female,41,Pune,West,Store D,Home & Kitchen,Mixer,4,3143.57,0.181,10298.34,7019.18,3279.15,Debit Card,4.5,7.0
ORD101744,2025-09-28,CUST1151,Male,39,Guntur,South,Store D,Electronics,Laptop,7,14323.7,0.015,98761.91,74731.4,24030.51,Net Banking,3.3,4.0
ORD101745,2025-09-28,CUST1396,Female,45,Guntur,South,Store C,Electronics,Smartphone,3,23636.47,0.145,60627.55,44157.85,16469.69,Credit Card,3.8,5.0
ORD101746,2025-09-29,CUST1496,Female,39,Bengaluru,South,Store B,Grocery,Snacks,7,454.2,0.033,3074.48,2645.03,429.45,Credit Card,3.9,6.0
ORD101747,2025-09-29,CUST1297,Male,32,Bengaluru,South,Store C,Clothing,T-Shirt,4,1949.6,0.242,5911.19,3684.84,2226.34,Cash,3.7,3.0
ORD101748,2025-09-29,CUST1407,Female,26,Visakhapatnam,South,Store B,Home & Kitchen,Cookware Set,3,2876.4,0.203,6877.47,4633.54,2243.93,Debit Card,4.5,3.0
ORD101749,2025-09-30,CUST1287,Male,32,Pune,West,Online,Beauty,Lip Balm,7,1229.17,0.027,8371.88,5246.64,3125.23,Cash,3.6,1.0
ORD101750,2025-09-30,CUST1493,Male,38,Pune,West,Store B,Beauty,Face Wash,4,1083.32,0.03,4203.28,2647.46,1555.82,UPI,3.7,3.0
ORD101751,2025-10-01,CUST1536,Male,32,Hyderabad,South,Online,Electronics,Laptop,4,22679.5,0.149,77201.02,59479.84,17721.18,Credit Card,3.6,5.0
ORD101752,2025-10-01,CUST1456,Male,38,Visakhapatnam,South,Store C,Grocery,Cooking Oil,7,512.05,0.086,3276.1,2917.48,358.62,Cash,4.6,1.0
ORD101753,2025-10-01,CUST1492,Female,40,Hyderabad,South,Store D,Grocery,Snacks,7,506.08,0.009,3510.68,3094.31,416.37,Credit Card,3.7,2.0
ORD101754,2025-10-02,CUST1009,Male,44,Mumbai,West,Store D,Beauty,Face Wash,6,1466.41,0.135,7610.67,4752.96,2857.71,Credit Card,4.3,1.0
ORD101755,2025-10-02,CUST1132,Male,49,Visakhapatnam,South,Store A,Home & Kitchen,Lamp,1,3379.36,0.097,3051.56,2106.98,944.58,UPI,5.0,7.0
ORD101756,2025-10-02,CUST1077,Male,36,Vijayawada,South,Store C,Clothing,T-Shirt,1,1625.06,0.025,1584.43,970.62,613.81,Credit Card,4.0,5.0
ORD101757,2025-10-03,CUST1131,Male,21,Vijayawada,South,Store A,Home & Kitchen,Lamp,3,3319.19,0.2,7966.06,5360.14,2605.91,Cash,4.6,7.0
ORD101758,2025-10-03,CUST1412,Female,31,Chennai,South,Store D,Clothing,Dress,5,1442.67,0.229,5561.49,3419.45,2142.04,Debit Card,4.9,5.0
ORD101759,2025-10-03,CUST1090,Female,35,Visakhapatnam,South,Store C,Beauty,Moisturizer,7,1074.03,0.189,6097.27,3951.85,2145.42,Net Banking,4.6,2.0
ORD101760,2025-10-04,CUST1498,Female,18,Pune,West,Online,Clothing,Shoes,6,2815.58,0.206,13413.42,8459.92,4953.51,Cash,4.0,6.0
ORD101761,2025-10-04,CUST1354,Male,50,Bengaluru,South,Store B,Grocery,Snacks,1,363.1,0.054,343.49,294.88,48.61,UPI,4.4,1.0
ORD101762,2025-10-05,CUST1271,Female,37,Guntur,South,Store A,Electronics,Laptop,1,23049.41,0.066,21528.15,16337.52,5190.63,Net Banking,3.3,5.0
ORD101763,2025-10-05,CUST1392,Female,39,Chennai,South,Store C,Electronics,Laptop,6,22287.58,0.052,126771.76,97151.68,29620.08,Credit Card,3.6,5.0
ORD101764,2025-10-05,CUST1432,Male,50,Bengaluru,South,Online,Beauty,Moisturizer,2,1113.49,0.191,1801.63,1164.83,636.8,Cash,3.7,2.0
ORD101765,2025-10-06,CUST1472,Female,28,Vijayawada,South,Store D,Grocery,Juice,6,450.31,0.237,2061.52,1810.44,251.08,Net Banking,5.0,4.0
ORD101766,2025-10-06,CUST1308,Male,41,Visakhapatnam,South,Store C,Home & Kitchen,Mixer,1,3779.24,0.179,3102.76,2061.1,1041.66,Cash,3.6,1.0
ORD101767,2025-10-06,CUST1508,Female,34,Chennai,South,Store C,Grocery,Rice,5,243.47,0.22,949.53,816.89,132.64,Credit Card,,5.0
ORD101768,2025-10-07,CUST1055,Female,33,Visakhapatnam,South,Store A,Electronics,Headphones,2,32260.2,0.16,54197.14,40397.97,13799.16,Cash,3.4,3.0
ORD101769,2025-10-07,CUST1037,Female,27,Vijayawada,South,Online,Electronics,Smartphone,4,29428.08,0.097,106294.22,80709.54,25584.69,UPI,4.3,2.0
ORD101770,2025-10-08,CUST1055,Female,53,Chennai,South,Store D,Grocery,Coffee,6,313.57,0.106,1681.99,1440.62,241.37,Net Banking,4.1,4.0
ORD101771,2025-10-08,CUST1524,Male,31,Vijayawada,South,Store B,Grocery,Coffee,4,159.64,0.019,626.43,538.27,88.15,Net Banking,4.6,4.0
ORD101772,2025-10-08,CUST1463,Male,43,Hyderabad,South,Store D,Electronics,Smartphone,2,18160.49,0.008,36030.41,26988.92,9041.49,Net Banking,4.4,2.0
ORD101773,2025-10-09,CUST1478,Female,18,Vijayawada,South,Store A,Home & Kitchen,Mixer,2,3257.33,0.174,5381.11,3561.19,1819.91,Cash,3.2,4.0
ORD101774,2025-10-09,CUST1211,Male,48,Pune,West,Online,Beauty,Perfume,2,2103.1,0.11,3743.52,2305.53,1437.99,Credit Card,3.6,5.0
ORD101775,2025-10-09,CUST1226,Female,47,Pune,West,Store A,Beauty,Perfume,3,1390.14,0.138,3594.9,2295.3,1299.6,Cash,4.8,4.0
ORD101776,2025-10-10,CUST1007,Female,36,Visakhapatnam,South,Store D,Grocery,Coffee,6,228.86,0.139,1182.29,1008.88,173.41,Cash,3.9,1.0
ORD101777,2025-10-10,CUST1540,Female,33,Guntur,South,Store B,Beauty,Perfume,7,958.62,0.069,6247.33,3949.64,2297.68,Net Banking,4.7,3.0
ORD101778,2025-10-10,CUST1212,Female,39,Vijayawada,South,Store D,Electronics,Smartphone,5,24627.51,0.119,108484.18,84410.72,24073.46,Credit Card,3.9,5.0
ORD101779,2025-10-11,CUST1189,Female,60,Bengaluru,South,Online,Electronics,Laptop,5,26775.78,0.118,118081.19,88353.41,29727.78,Debit Card,3.5,
ORD101780,2025-10-11,CUST1075,Female,18,Pune,West,Store D,Grocery,Cooking Oil,4,302.79,0.097,1093.68,964.55,129.13,Credit Card,3.8,3.0
ORD101781,2025-10-12,CUST1114,Male,44,Mumbai,West,Store D,Grocery,Juice,4,479.75,0.205,1525.6,1350.37,175.24,Cash,3.5,6.0
ORD101782,2025-10-12,CUST1151,Male,25,Guntur,South,Online,Grocery,Coffee,7,392.35,0.113,2436.1,2021.48,414.62,UPI,3.7,5.0
ORD101783,2025-10-12,CUST1436,Female,35,Hyderabad,South,Store A,Home & Kitchen,Bedsheet,4,2396.24,0.151,8137.63,5542.79,2594.84,Credit Card,4.1,3.0
ORD101784,2025-10-13,CUST1084,Male,32,Chennai,South,Store B,Beauty,Lip Balm,6,1290.86,0.224,6010.24,3818.88,2191.36,Net Banking,4.3,4.0
ORD101785,2025-10-13,CUST1212,Female,30,Chennai,South,Store B,Grocery,Snacks,1,616.08,0.217,482.39,393.11,89.28,UPI,3.1,6.0
ORD101786,2025-10-13,CUST1461,Male,35,Pune,West,Online,Clothing,T-Shirt,4,2220.52,0.223,6901.38,4167.59,2733.79,Debit Card,4.0,2.0
ORD101787,2025-10-14,CUST1177,Male,23,Guntur,South,Store C,Clothing,T-Shirt,2,2087.19,0.068,3890.52,2445.77,1444.75,Debit Card,3.7,2.0
ORD101788,2025-10-14,CUST1312,Male,46,Pune,West,Online,Electronics,Laptop,4,21518.41,0.009,85298.98,67183.41,18115.57,UPI,3.6,1.0
ORD101789,2025-10-14,CUST1159,Female,18,Chennai,South,Store D,Beauty,Perfume,2,1450.09,0.065,2711.67,1763.67,948.0,Debit Card,4.1,4.0
ORD101790,2025-10-15,CUST1186,Male,41,Mumbai,West,Store B,Grocery,Juice,3,546.36,0.07,1524.34,1318.57,205.77,UPI,3.7,1.0
ORD101791,2025-10-15,CUST1471,Female,31,Vijayawada,South,Store B,Clothing,T-Shirt,1,1866.97,0.227,1443.17,894.42,548.75,Cash,4.8,1.0
ORD101792,2025-10-16,CUST1309,Female,22,Guntur,South,Store B,Beauty,Lip Balm,1,985.91,0.162,826.19,544.78,281.41,UPI,4.7,4.0
ORD101793,2025-10-16,CUST1246,Female,37,Visakhapatnam,South,Store C,Electronics,Headphones,7,21521.87,0.02,147640.03,116545.25,31094.77,Cash,4.7,5.0
ORD101794,2025-10-16,CUST1384,Male,18,Vijayawada,South,Store B,Home & Kitchen,Lamp,6,3573.89,0.034,20714.27,13936.91,6777.35,Net Banking,3.7,6.0
ORD101795,2025-10-17,CUST1042,Male,35,Vijayawada,South,Store A,Beauty,Perfume,6,2053.96,0.039,11843.13,7306.74,4536.39,Net Banking,3.5,7.0
ORD101796,2025-10-17,CUST1285,Male,19,Vijayawada,South,Online,Beauty,Perfume,5,1305.43,0.158,5495.86,3384.51,2111.35,Debit Card,4.0,1.0
ORD101797,2025-10-17,CUST1300,Female,40,Visakhapatnam,South,Online,Home & Kitchen,Chair,3,2888.81,0.184,7071.81,4923.25,2148.56,UPI,3.9,3.0
ORD101798,2025-10-18,CUST1436,Female,25,Mumbai,West,Store B,Beauty,Perfume,7,908.66,0.215,4993.09,3192.87,1800.22,Cash,,6.0
ORD101799,2025-10-18,CUST1369,Male,30,Hyderabad,South,Store B,Electronics,Headphones,6,21557.63,0.235,98949.52,75449.68,23499.84,Net Banking,3.4,5.0
ORD101800,2025-10-18,CUST1486,Female,38,Mumbai,West,Store A,Electronics,Smartphone,2,40241.05,0.05,76458.0,56235.15,20222.84,Net Banking,4.0,4.0
ORD101801,2025-10-19,CUST1436,Male,27,Mumbai,West,Store D,Home & Kitchen,Mixer,3,3100.74,0.077,8585.95,5759.29,2826.66,Net Banking,3.8,2.0
ORD101802,2025-10-19,CUST1428,Male,34,Mumbai,West,Online,Grocery,Coffee,1,636.03,0.06,597.87,511.43,86.44,Debit Card,4.4,5.0
ORD101803,2025-10-20,CUST1181,Male,18,Bengaluru,South,Store A,Clothing,Dress,2,1612.04,0.09,2933.91,1825.83,1108.08,Net Banking,4.4,1.0
ORD101804,2025-10-20,CUST1340,Male,42,Pune,West,Store A,Grocery,Coffee,7,539.18,0.229,2909.95,2484.61,425.35,Credit Card,4.6,3.0
ORD101805,2025-10-20,CUST1491,Female,54,Chennai,South,Online,Beauty,Shampoo,7,1477.11,0.144,8850.84,5558.77,3292.07,Debit Card,3.3,6.0
ORD101806,2025-10-21,CUST1495,Male,66,Pune,West,Store D,Clothing,Jacket,3,1514.05,0.185,3701.85,2262.74,1439.12,UPI,4.2,4.0
ORD101807,2025-10-21,CUST1163,Male,36,Guntur,South,Store A,Home & Kitchen,Mixer,1,2858.89,0.123,2507.25,1742.01,765.24,Credit Card,3.6,2.0
ORD101808,2025-10-21,CUST1558,Male,44,Mumbai,West,Store D,Home & Kitchen,Lamp,6,5158.87,0.007,30736.55,20992.94,9743.6,Debit Card,3.3,6.0
ORD101809,2025-10-22,CUST1456,Male,18,Hyderabad,South,Store B,Clothing,Jacket,2,2292.3,0.016,4511.25,2827.79,1683.45,Debit Card,3.8,3.0
ORD101810,2025-10-22,CUST1092,Male,52,Guntur,South,Store C,Electronics,Smartphone,2,30534.71,0.134,52886.12,39543.13,13342.99,Cash,4.6,7.0
ORD101811,2025-10-22,CUST1105,Male,44,Pune,West,Online,Clothing,Jacket,1,2193.64,0.18,1798.78,1055.95,742.83,Credit Card,3.8,2.0
ORD101812,2025-10-23,CUST1439,Male,30,Chennai,South,Online,Beauty,Perfume,2,1360.85,0.054,2574.73,1632.31,942.42,Credit Card,4.9,4.0
ORD101813,2025-10-23,CUST1498,Female,49,Visakhapatnam,South,Store C,Electronics,Smartphone,6,39124.43,0.18,192492.2,144012.13,48480.06,Credit Card,4.3,6.0
ORD101814,2025-10-24,CUST1328,Female,32,Pune,West,Online,Home & Kitchen,Chair,6,3543.91,0.203,16946.98,11596.34,5350.64,Net Banking,3.8,5.0
ORD101815,2025-10-24,CUST1541,Female,30,Vijayawada,South,Store C,Clothing,Dress,6,2088.63,0.103,11241.01,7381.62,3859.39,Net Banking,4.6,1.0
ORD101816,2025-10-24,CUST1509,Female,40,Pune,West,Online,Grocery,Rice,1,282.36,0.187,229.56,199.89,29.67,UPI,4.2,4.0
ORD101817,2025-10-25,CUST1251,Male,23,Vijayawada,South,Store C,Grocery,Rice,4,376.26,0.101,1353.03,1220.91,132.12,UPI,3.5,3.0
ORD101818,2025-10-25,CUST1191,Female,46,Visakhapatnam,South,Online,Beauty,Moisturizer,4,779.71,0.17,2588.64,1673.69,914.95,UPI,5.0,5.0
ORD101819,2025-10-25,CUST1047,Female,23,Pune,West,Online,Grocery,Juice,7,691.11,0.191,3913.76,3327.67,586.09,Net Banking,4.1,6.0
ORD101820,2025-10-26,CUST1251,Female,23,Hyderabad,South,Store A,Clothing,Jacket,7,523.73,0.248,2756.91,1719.99,1036.92,Cash,4.0,2.0
ORD101821,2025-10-26,CUST1064,Male,25,Hyderabad,South,Online,Clothing,Shoes,2,1598.84,0.086,2922.68,1870.14,1052.54,UPI,3.5,5.0
ORD101822,2025-10-26,CUST1320,Female,43,Guntur,South,Online,Grocery,Snacks,6,50.94,0.103,274.16,243.54,30.62,Debit Card,4.6,5.0
ORD101823,2025-10-27,CUST1524,Female,28,Visakhapatnam,South,Online,Clothing,Dress,2,1384.36,0.041,2655.2,1629.18,1026.03,Net Banking,4.3,3.0
ORD101824,2025-10-27,CUST1292,Male,20,Mumbai,West,Store B,Beauty,Face Wash,1,1028.17,0.051,975.73,627.32,348.42,Cash,4.3,1.0
ORD101825,2025-10-28,CUST1029,Female,28,Hyderabad,South,Online,Electronics,Laptop,2,34694.1,0.173,57384.04,42489.88,14894.16,Debit Card,3.7,7.0
ORD101826,2025-10-28,CUST1437,Male,35,Pune,West,Online,Beauty,Lip Balm,5,1338.82,0.229,5161.15,3352.17,1808.98,Debit Card,4.5,5.0
ORD101827,2025-10-28,CUST1597,Female,22,Visakhapatnam,South,Store B,Beauty,Face Wash,4,908.4,0.099,3273.87,2153.86,1120.01,Net Banking,4.5,5.0
ORD101828,2025-10-29,CUST1586,Male,22,Chennai,South,Online,Clothing,Dress,2,2332.98,0.045,4455.99,2764.69,1691.3,Credit Card,3.6,1.0
ORD101829,2025-10-29,CUST1047,Female,58,Vijayawada,South,Store A,Electronics,Tablet,2,25124.83,0.071,46681.93,35052.07,11629.86,Cash,3.2,1.0
ORD101830,2025-10-29,CUST1417,Female,26,Pune,West,Store A,Clothing,Jacket,3,1818.78,0.114,4834.32,3016.71,1817.61,Net Banking,4.3,2.0
ORD101831,2025-10-30,CUST1593,Female,31,Vijayawada,South,Store C,Home & Kitchen,Mixer,2,2297.33,0.073,4259.25,2918.05,1341.2,Credit Card,3.1,6.0
ORD101832,2025-10-30,CUST1451,Male,31,Vijayawada,South,Store D,Clothing,Jeans,5,1304.99,0.058,6146.5,3816.4,2330.11,Net Banking,4.1,2.0
ORD101833,2025-10-31,CUST1555,Female,30,Mumbai,West,Store D,Clothing,T-Shirt,4,1387.45,0.184,4528.64,2816.79,1711.85,Net Banking,3.8,1.0
ORD101834,2025-10-31,CUST1074,Male,42,Visakhapatnam,South,Store A,Clothing,Jacket,3,1823.23,0.002,5458.75,3373.84,2084.91,Debit Card,4.7,7.0
ORD101835,2025-10-31,CUST1053,Male,45,Visakhapatnam,South,Online,Electronics,Tablet,1,25545.2,0.135,22096.6,17094.47,5002.12,Net Banking,3.8,4.0
ORD101836,2025-11-01,CUST1233,Male,32,Guntur,South,Store A,Clothing,Jacket,7,2572.05,0.198,14439.49,9071.12,5368.37,Credit Card,4.6,1.0
ORD101837,2025-11-01,CUST1200,Male,21,Vijayawada,South,Store A,Electronics,Smartphone,1,27695.39,0.067,25839.8,19290.73,6549.07,Debit Card,3.7,2.0
ORD101838,2025-11-01,CUST1549,Female,49,Guntur,South,Store A,Grocery,Coffee,4,93.87,0.151,318.78,269.17,49.62,Credit Card,4.5,3.0
ORD101839,2025-11-02,CUST1097,Female,34,Mumbai,West,Store D,Home & Kitchen,Mixer,7,3762.64,0.167,21939.95,14850.86,7089.1,Credit Card,5.0,3.0
ORD101840,2025-11-02,CUST1049,Female,54,Vijayawada,South,Online,Electronics,Tablet,1,14849.89,0.164,12414.51,9560.16,2854.34,Debit Card,3.4,6.0
ORD101841,2025-11-02,CUST1522,Male,18,Guntur,South,Store D,Grocery,Coffee,5,355.1,0.111,1578.42,1361.06,217.36,Credit Card,4.2,5.0
ORD101842,2025-11-03,CUST1040,Female,37,Guntur,South,Online,Electronics,Headphones,2,19314.81,0.087,35268.84,26494.01,8774.83,UPI,5.0,7.0
ORD101843,2025-11-03,CUST1153,Male,56,Chennai,South,Store A,Electronics,Tablet,4,20356.63,0.209,64408.38,49180.79,15227.58,Net Banking,4.0,3.0
ORD101844,2025-11-04,CUST1106,Male,31,Guntur,South,Store D,Home & Kitchen,Chair,7,2124.85,0.19,12047.9,8143.79,3904.11,Debit Card,4.0,2.0
ORD101845,2025-11-04,CUST1553,Male,33,Visakhapatnam,South,Store C,Beauty,Lip Balm,3,1271.22,0.08,3508.57,2281.07,1227.5,Debit Card,4.4,3.0
ORD101846,2025-11-04,CUST1211,Female,38,Guntur,South,Store C,Beauty,Shampoo,2,706.22,0.026,1375.72,885.74,489.98,UPI,4.0,7.0
ORD101847,2025-11-05,CUST1202,Female,29,Vijayawada,South,Store A,Electronics,Smartphone,1,27496.67,0.018,27001.73,20404.86,6596.87,UPI,3.1,7.0
ORD101848,2025-11-05,CUST1433,Male,32,Guntur,South,Store D,Clothing,T-Shirt,1,2918.49,0.024,2848.45,1773.4,1075.05,UPI,4.6,4.0
ORD101849,2025-11-05,CUST1565,Female,31,Hyderabad,South,Store C,Grocery,Rice,3,300.6,0.146,770.14,678.0,92.14,UPI,2.9,1.0
ORD101850,2025-11-06,CUST1147,Female,28,Bengaluru,South,Online,Clothing,Jeans,5,1657.74,0.013,8180.95,5020.18,3160.77,Cash,3.8,1.0
ORD101851,2025-11-06,CUST1499,Male,49,Vijayawada,South,Store C,Clothing,Shoes,3,538.27,0.084,1479.17,923.73,555.44,Debit Card,4.7,2.0
ORD101852,2025-11-06,CUST1282,Male,40,Hyderabad,South,Store A,Electronics,Smartphone,4,22893.45,0.188,74357.93,56440.35,17917.58,Credit Card,3.8,5.0
ORD101853,2025-11-07,CUST1310,Female,38,Mumbai,West,Store D,Electronics,Laptop,3,29499.02,0.074,81948.28,62759.36,19188.92,Debit Card,3.6,7.0
ORD101854,2025-11-07,CUST1051,Male,44,Vijayawada,South,Store A,Electronics,Smartphone,1,30044.47,0.191,24305.98,18254.9,6051.08,Debit Card,4.5,1.0
ORD101855,2025-11-08,CUST1495,Male,32,Visakhapatnam,South,Online,Electronics,Smartphone,5,25541.55,0.186,103954.11,79162.03,24792.08,Debit Card,3.5,3.0
ORD101856,2025-11-08,CUST1409,Female,26,Bengaluru,South,Store D,Beauty,Lip Balm,5,1511.24,0.061,7095.27,4631.52,2463.75,UPI,3.3,7.0
ORD101857,2025-11-08,CUST1273,Female,28,Bengaluru,South,Store A,Electronics,Smartwatch,6,42822.38,0.182,210172.24,157036.86,53135.38,UPI,4.2,4.0
ORD101858,2025-11-09,CUST1458,Male,35,Visakhapatnam,South,Online,Beauty,Face Wash,3,1799.31,0.187,4388.52,2741.44,1647.08,Cash,3.9,5.0
ORD101859,2025-11-09,CUST1120,Female,23,Bengaluru,South,Store C,Beauty,Lip Balm,4,1017.12,0.099,3665.7,2291.51,1374.19,Debit Card,3.3,5.0
ORD101860,2025-11-09,CUST1046,Male,29,Visakhapatnam,South,Store A,Electronics,Smartphone,1,14842.27,0.053,14055.63,10457.18,3598.45,Net Banking,4.4,5.0
ORD101861,2025-11-10,CUST1243,Male,29,Hyderabad,South,Store D,Home & Kitchen,Cookware Set,2,3093.85,0.13,5383.3,3699.87,1683.43,Cash,4.3,1.0
ORD101862,2025-11-10,CUST1311,Female,58,Mumbai,West,Store B,Grocery,Coffee,5,357.95,0.23,1378.11,1155.18,222.93,UPI,3.8,6.0
ORD101863,2025-11-10,CUST1562,Male,18,Chennai,South,Online,Clothing,T-Shirt,3,2025.67,0.16,5104.69,3147.94,1956.75,Debit Card,3.8,5.0
ORD101864,2025-11-11,CUST1331,Male,33,Vijayawada,South,Online,Beauty,Face Wash,6,786.58,0.043,4516.54,2922.76,1593.79,UPI,4.3,2.0
ORD101865,2025-11-11,CUST1011,Male,54,Visakhapatnam,South,Online,Grocery,Snacks,4,489.08,0.171,1621.79,1405.2,216.59,Credit Card,4.7,3.0
ORD101866,2025-11-12,CUST1424,Female,36,Vijayawada,South,Store C,Home & Kitchen,Mixer,4,4338.01,0.107,15495.37,10463.73,5031.65,UPI,3.8,6.0
ORD101867,2025-11-12,CUST1048,Female,43,Mumbai,West,Store C,Clothing,Dress,7,1749.65,0.148,10434.91,6491.88,3943.03,UPI,4.4,4.0
ORD101868,2025-11-12,CUST1377,Female,36,Hyderabad,South,Online,Clothing,Jacket,1,1326.84,0.184,1082.7,672.57,410.13,Cash,4.3,3.0
ORD101869,2025-11-13,CUST1568,Male,28,Chennai,South,Store A,Beauty,Perfume,5,1611.18,0.129,7016.69,4472.55,2544.13,Credit Card,4.5,2.0
ORD101870,2025-11-13,CUST1008,Male,18,Mumbai,West,Store D,Electronics,Smartphone,1,11847.13,0.203,9442.16,7148.81,2293.35,Net Banking,4.0,2.0
ORD101871,2025-11-13,CUST1526,Female,37,Hyderabad,South,Store D,Home & Kitchen,Cookware Set,6,3172.2,0.181,15588.19,11026.49,4561.7,Net Banking,3.5,7.0
ORD101872,2025-11-14,CUST1370,Female,26,Bengaluru,South,Store A,Beauty,Face Wash,2,1185.42,0.154,2005.73,1302.37,703.36,Net Banking,3.7,6.0
ORD101873,2025-11-14,CUST1440,Female,26,Vijayawada,South,Store C,Home & Kitchen,Bedsheet,2,3515.91,0.038,6764.61,4805.33,1959.28,Debit Card,4.2,3.0
ORD101874,2025-11-14,CUST1566,Male,30,Pune,West,Online,Electronics,Smartphone,2,26263.47,0.209,41548.81,31294.63,10254.18,Net Banking,5.0,1.0
ORD101875,2025-11-15,CUST1484,Female,54,Chennai,South,Online,Electronics,Smartwatch,4,29273.08,0.234,89692.72,68062.21,21630.51,Debit Card,3.7,7.0
ORD101876,2025-11-15,CUST1273,Male,61,Bengaluru,South,Store A,Beauty,Shampoo,5,1187.61,0.034,5736.16,3583.11,2153.04,UPI,4.4,2.0
ORD101877,2025-11-16,CUST1131,Female,37,Mumbai,West,Store A,Electronics,Smartphone,1,22423.59,0.122,19687.91,14744.77,4943.14,Net Banking,3.8,5.0
ORD101878,2025-11-16,CUST1521,Male,30,Chennai,South,Store B,Grocery,Snacks,1,438.86,0.065,410.33,364.97,45.37,Cash,4.1,4.0
ORD101879,2025-11-16,CUST1114,Male,22,Bengaluru,South,Online,Clothing,Jacket,6,1494.24,0.189,7270.97,4465.64,2805.33,Credit Card,4.8,4.0
ORD101880,2025-11-17,CUST1532,Female,40,Hyderabad,South,Store A,Beauty,Lip Balm,2,1475.64,0.18,2420.05,1602.34,817.71,Credit Card,4.4,2.0
ORD101881,2025-11-17,CUST1499,Male,55,Visakhapatnam,South,Store D,Home & Kitchen,Chair,5,2853.47,0.035,13767.99,9152.7,4615.29,UPI,,5.0
ORD101882,2025-11-17,CUST1339,Female,32,Vijayawada,South,Store A,Grocery,Snacks,5,627.02,0.219,2448.51,2065.79,382.72,Credit Card,3.7,3.0
ORD101883,2025-11-18,CUST1021,Male,18,Guntur,South,Store D,Beauty,Face Wash,6,1206.65,0.045,6914.1,4397.85,2516.26,Credit Card,4.7,4.0
ORD101884,2025-11-18,CUST1033,Male,42,Guntur,South,Store B,Electronics,Smartwatch,3,21351.22,0.199,51306.98,38948.56,12358.42,UPI,4.1,5.0
ORD101885,2025-11-19,CUST1133,Female,46,Hyderabad,South,Online,Electronics,Smartwatch,5,29328.85,0.114,129926.81,100385.07,29541.74,UPI,3.4,5.0
ORD101886,2025-11-19,CUST1026,Male,18,Mumbai,West,Store B,Electronics,Headphones,5,19907.82,0.082,91376.89,70009.92,21366.98,UPI,3.5,1.0
ORD101887,2025-11-19,CUST1364,Female,37,Vijayawada,South,Store D,Electronics,Smartwatch,1,29467.29,0.04,28288.6,21338.23,6950.37,Cash,4.4,2.0
ORD101888,2025-11-20,CUST1092,Female,40,Mumbai,West,Store B,Home & Kitchen,Bedsheet,6,3712.73,0.042,21340.77,14476.9,6863.87,UPI,4.5,5.0
ORD101889,2025-11-20,CUST1545,Female,34,Vijayawada,South,Store D,Grocery,Cooking Oil,5,410.55,0.165,1714.05,1465.61,248.43,UPI,4.0,7.0
ORD101890,2025-11-20,CUST1238,Male,26,Hyderabad,South,Online,Clothing,Shoes,5,2064.32,0.138,8897.22,5425.46,3471.76,UPI,5.0,3.0
ORD101891,2025-11-21,CUST1018,Male,46,Vijayawada,South,Store A,Home & Kitchen,Cookware Set,1,4046.59,0.031,3921.15,2623.76,1297.38,Net Banking,4.5,4.0
ORD101892,2025-11-21,CUST1274,Male,31,Visakhapatnam,South,Online,Home & Kitchen,Bedsheet,5,4657.52,0.028,22635.55,15676.96,6958.59,Net Banking,3.9,7.0
ORD101893,2025-11-21,CUST1289,Female,19,Mumbai,West,Store D,Clothing,Jacket,1,2283.07,0.018,2241.97,1344.28,897.69,Cash,3.6,1.0
ORD101894,2025-11-22,CUST1027,Female,18,Hyderabad,South,Store A,Clothing,Jeans,3,2045.64,0.186,4995.45,3187.35,1808.11,Cash,3.5,3.0
ORD101895,2025-11-22,CUST1434,Male,49,Visakhapatnam,South,Store C,Electronics,Laptop,4,17106.86,0.178,56247.36,42484.07,13763.29,Credit Card,4.2,4.0
ORD101896,2025-11-23,CUST1108,Male,42,Vijayawada,South,Store A,Home & Kitchen,Mixer,7,5948.59,0.015,41015.53,27502.74,13512.79,Net Banking,3.7,2.0
ORD101897,2025-11-23,CUST1324,Female,36,Hyderabad,South,Store D,Beauty,Face Wash,1,708.73,0.14,609.51,395.28,214.23,Cash,4.9,3.0
ORD101898,2025-11-23,CUST1531,Male,30,Vijayawada,South,Online,Clothing,Jacket,1,2274.63,0.021,2226.86,1417.57,809.3,Cash,4.8,4.0
ORD101899,2025-11-24,CUST1104,Female,29,Mumbai,West,Store A,Clothing,Dress,5,2015.64,0.226,7800.53,4933.62,2866.91,Credit Card,4.3,1.0
ORD101900,2025-11-24,CUST1332,Male,23,Hyderabad,South,Store C,Grocery,Snacks,1,323.88,0.227,250.36,217.25,33.11,UPI,3.4,7.0
ORD101901,2025-11-24,CUST1362,Female,30,Vijayawada,South,Online,Beauty,Moisturizer,6,1156.49,0.175,5724.63,3735.44,1989.19,Debit Card,3.6,4.0
ORD101902,2025-11-25,CUST1289,Male,18,Mumbai,West,Online,Beauty,Shampoo,2,1172.44,0.232,1800.87,1116.94,683.92,Credit Card,4.7,5.0
ORD101903,2025-11-25,CUST1444,Male,27,Visakhapatnam,South,Store C,Clothing,Shoes,2,2452.79,0.203,3909.75,2401.27,1508.47,Debit Card,3.7,1.0
ORD101904,2025-11-25,CUST1037,Female,32,Pune,West,Online,Electronics,Smartwatch,3,20006.82,0.207,47596.22,35579.85,12016.37,Credit Card,4.6,3.0
ORD101905,2025-11-26,CUST1348,Female,42,Visakhapatnam,South,Store C,Grocery,Rice,1,460.71,0.142,395.29,347.44,47.85,Credit Card,4.3,6.0
ORD101906,2025-11-26,CUST1043,Female,35,Vijayawada,South,Store C,Beauty,Perfume,6,382.38,0.077,2117.62,1345.92,771.7,UPI,4.0,2.0
ORD101907,2025-11-27,CUST1126,Male,44,Hyderabad,South,Online,Clothing,Jeans,5,2667.38,0.054,12616.71,7941.39,4675.31,Cash,3.6,7.0
ORD101908,2025-11-27,CUST1009,Female,50,Guntur,South,Store C,Beauty,Face Wash,5,825.34,0.082,3788.31,2447.9,1340.41,Net Banking,3.9,1.0
ORD101909,2025-11-27,CUST1526,Female,47,Visakhapatnam,South,Store C,Grocery,Cooking Oil,7,549.04,0.157,3239.89,2743.05,496.83,Credit Card,4.1,7.0
ORD101910,2025-11-28,CUST1131,Male,40,Visakhapatnam,South,Store C,Grocery,Juice,4,484.79,0.043,1855.78,1579.11,276.67,UPI,4.6,1.0
ORD101911,2025-11-28,CUST1325,Female,35,Mumbai,West,Online,Home & Kitchen,Bedsheet,3,3402.0,0.065,9542.61,6640.09,2902.52,Debit Card,3.5,1.0
ORD101912,2025-11-28,CUST1184,Female,24,Bengaluru,South,Online,Clothing,Jacket,6,2204.93,0.117,11681.72,7141.57,4540.15,Cash,3.9,4.0
ORD101913,2025-11-29,CUST1282,Female,43,Guntur,South,Store C,Grocery,Juice,6,750.69,0.058,4242.9,3657.1,585.8,Credit Card,4.0,5.0
ORD101914,2025-11-29,CUST1053,Male,53,Vijayawada,South,Store B,Home & Kitchen,Bedsheet,7,3751.49,0.147,22400.15,15017.54,7382.6,Debit Card,4.4,6.0
ORD101915,2025-11-29,CUST1553,Male,39,Pune,West,Store C,Home & Kitchen,Chair,7,4155.08,0.231,22366.8,15123.47,7243.33,Credit Card,3.5,2.0
ORD101916,2025-11-30,CUST1533,Male,56,Hyderabad,South,Store D,Beauty,Shampoo,5,1315.11,0.187,5345.92,3418.55,1927.37,Net Banking,3.3,7.0
ORD101917,2025-11-30,CUST1377,Female,18,Bengaluru,South,Store B,Beauty,Face Wash,4,1556.14,0.167,5185.06,3271.68,1913.38,Net Banking,4.4,2.0
ORD101918,2025-12-01,CUST1295,Male,22,Vijayawada,South,Online,Home & Kitchen,Lamp,5,3037.08,0.146,12968.33,8666.01,4302.32,Cash,3.2,5.0
ORD101919,2025-12-01,CUST1208,Female,44,Chennai,South,Store C,Beauty,Moisturizer,4,1576.39,0.122,5536.28,3561.48,1974.8,Debit Card,4.7,4.0
ORD101920,2025-12-01,CUST1477,Female,38,Pune,West,Store B,Grocery,Rice,2,666.57,0.047,1270.48,1076.0,194.48,Net Banking,3.9,4.0
ORD101921,2025-12-02,CUST1069,Female,49,Visakhapatnam,South,Store A,Electronics,Laptop,6,32577.76,0.224,151682.05,113596.24,38085.82,UPI,3.1,5.0
ORD101922,2025-12-02,CUST1437,Male,35,Chennai,South,Store B,Grocery,Juice,7,400.98,0.062,2632.83,2225.97,406.87,Cash,3.7,7.0
ORD101923,2025-12-02,CUST1301,Male,25,Visakhapatnam,South,Online,Home & Kitchen,Chair,2,3331.66,0.023,6510.06,4420.64,2089.43,Credit Card,4.2,5.0
ORD101924,2025-12-03,CUST1027,Female,33,Visakhapatnam,South,Store B,Home & Kitchen,Mixer,5,3739.47,0.188,15182.25,10499.3,4682.95,Debit Card,3.7,3.0
ORD101925,2025-12-03,CUST1553,Female,18,Chennai,South,Store A,Grocery,Rice,3,294.37,0.044,844.25,745.75,98.51,Debit Card,4.0,4.0
ORD101926,2025-12-03,CUST1106,Male,23,Pune,West,Store C,Beauty,Moisturizer,1,1758.22,0.093,1594.71,1007.28,587.43,UPI,4.4,7.0
ORD101927,2025-12-04,CUST1586,Male,46,Mumbai,West,Store B,Beauty,Perfume,3,1195.7,0.007,3561.99,2367.91,1194.08,Net Banking,3.9,1.0
ORD101928,2025-12-04,CUST1572,Male,45,Chennai,South,Store A,Home & Kitchen,Mixer,3,3783.93,0.034,10965.83,7321.91,3643.92,Debit Card,3.5,2.0
ORD101929,2025-12-05,CUST1011,Female,39,Vijayawada,South,Store B,Clothing,Jeans,1,1511.5,0.043,1446.51,914.33,532.18,UPI,3.8,4.0
ORD101930,2025-12-05,CUST1216,Male,18,Bengaluru,South,Store D,Beauty,Moisturizer,6,735.59,0.014,4351.75,2748.94,1602.81,UPI,4.8,5.0
ORD101931,2025-12-05,CUST1321,Male,31,Bengaluru,South,Store D,Grocery,Rice,2,409.4,0.164,684.52,579.46,105.06,Credit Card,4.9,1.0
ORD101932,2025-12-06,CUST1460,Male,22,Chennai,South,Store B,Beauty,Lip Balm,2,1276.72,0.209,2019.77,1275.32,744.45,UPI,2.9,3.0
ORD101933,2025-12-06,CUST1526,Female,48,Vijayawada,South,Store C,Grocery,Cooking Oil,6,601.01,0.093,3270.7,2810.14,460.55,Cash,4.6,6.0
ORD101934,2025-12-06,CUST1579,Male,29,Mumbai,West,Online,Home & Kitchen,Mixer,1,3661.79,0.219,2859.86,1965.01,894.85,Debit Card,4.1,3.0
ORD101935,2025-12-07,CUST1160,Female,23,Bengaluru,South,Store C,Beauty,Shampoo,4,1321.35,0.053,5005.27,3242.0,1763.27,Cash,4.5,1.0
ORD101936,2025-12-07,CUST1464,Female,35,Vijayawada,South,Store B,Grocery,Cooking Oil,3,449.45,0.081,1239.13,1047.55,191.59,UPI,3.7,7.0
ORD101937,2025-12-07,CUST1522,Female,28,Mumbai,West,Store B,Home & Kitchen,Bedsheet,5,3996.25,0.038,19221.96,12838.09,6383.87,UPI,3.0,7.0
ORD101938,2025-12-08,CUST1273,Male,51,Vijayawada,South,Store C,Clothing,Jeans,2,2541.42,0.155,4295.0,2618.96,1676.04,Cash,4.3,1.0
ORD101939,2025-12-08,CUST1241,Male,27,Visakhapatnam,South,Online,Grocery,Snacks,6,605.72,0.105,3252.72,2791.73,460.99,Credit Card,3.5,7.0
ORD101940,2025-12-09,CUST1167,Male,20,Bengaluru,South,Store B,Clothing,Dress,5,2204.77,0.153,9337.2,5767.17,3570.04,UPI,3.2,5.0
ORD101941,2025-12-09,CUST1569,Female,18,Mumbai,West,Store D,Clothing,Jacket,7,1947.01,0.19,11039.55,6727.46,4312.09,Cash,3.3,7.0
ORD101942,2025-12-09,CUST1327,Male,35,Bengaluru,South,Store A,Electronics,Tablet,1,14477.91,0.136,12508.91,9552.91,2956.0,Cash,4.3,6.0
ORD101943,2025-12-10,CUST1529,Female,29,Visakhapatnam,South,Store C,Beauty,Face Wash,5,834.37,0.157,3516.87,2342.46,1174.41,Debit Card,4.1,5.0
ORD101944,2025-12-10,CUST1273,Male,19,Chennai,South,Online,Grocery,Coffee,5,568.23,0.234,2176.32,1854.63,321.69,Credit Card,4.4,2.0
ORD101945,2025-12-10,CUST1376,Male,48,Visakhapatnam,South,Store B,Clothing,Dress,3,1794.53,0.075,4979.82,3063.4,1916.42,Net Banking,4.4,7.0
ORD101946,2025-12-11,CUST1375,Male,42,Bengaluru,South,Store D,Electronics,Tablet,1,28078.9,0.09,25551.8,19615.0,5936.8,Cash,3.8,6.0
ORD101947,2025-12-11,CUST1334,Male,35,Bengaluru,South,Store B,Home & Kitchen,Bedsheet,5,5176.42,0.179,21249.2,14304.12,6945.09,Debit Card,4.0,6.0
ORD101948,2025-12-12,CUST1003,Female,50,Pune,West,Online,Grocery,Rice,2,608.91,0.153,1031.49,897.77,133.73,Net Banking,3.7,2.0
ORD101949,2025-12-12,CUST1243,Female,42,Mumbai,West,Store A,Clothing,Jacket,1,2429.44,0.045,2320.12,1419.87,900.25,Debit Card,3.9,3.0
ORD101950,2025-12-12,CUST1051,Female,26,Chennai,South,Online,Beauty,Shampoo,2,1233.14,0.094,2234.45,1477.21,757.24,Debit Card,3.5,1.0
ORD101951,2025-12-13,CUST1350,Female,24,Visakhapatnam,South,Store B,Electronics,Headphones,6,19349.49,0.117,102513.6,78393.84,24119.76,Credit Card,4.2,3.0
ORD101952,2025-12-13,CUST1174,Male,44,Mumbai,West,Online,Clothing,Dress,6,1771.07,0.105,9510.65,5830.79,3679.85,UPI,4.6,7.0
ORD101953,2025-12-13,CUST1116,Female,39,Hyderabad,South,Store B,Beauty,Face Wash,7,918.34,0.045,6139.1,3887.39,2251.71,Credit Card,3.6,7.0
ORD101954,2025-12-14,CUST1361,Female,37,Mumbai,West,Online,Clothing,Jacket,4,2579.15,0.231,7933.47,4873.26,3060.21,Net Banking,4.7,5.0
ORD101955,2025-12-14,CUST1355,Female,26,Hyderabad,South,Store B,Grocery,Rice,6,618.56,0.191,3002.49,2645.95,356.55,Credit Card,4.1,4.0
ORD101956,2025-12-14,CUST1076,Male,42,Chennai,South,Online,Grocery,Rice,5,578.08,0.12,2543.55,2137.5,406.05,UPI,4.1,7.0
ORD101957,2025-12-15,CUST1081,Female,27,Visakhapatnam,South,Store A,Grocery,Cooking Oil,1,685.39,0.17,568.87,483.35,85.52,Credit Card,3.1,7.0
ORD101958,2025-12-15,CUST1229,Female,34,Visakhapatnam,South,Store A,Electronics,Smartphone,6,10859.61,0.224,50562.34,38038.88,12523.46,Credit Card,3.0,5.0
ORD101959,2025-12-16,CUST1072,Male,51,Vijayawada,South,Store C,Grocery,Coffee,2,588.22,0.034,1136.44,977.06,159.38,Credit Card,4.1,4.0
ORD101960,2025-12-16,CUST1403,Male,28,Bengaluru,South,Store A,Beauty,Lip Balm,5,741.27,0.063,3472.85,2211.78,1261.07,Cash,4.4,1.0
ORD101961,2025-12-16,CUST1218,Female,18,Guntur,South,Store B,Clothing,T-Shirt,6,1796.37,0.136,9312.38,5618.7,3693.68,Cash,3.6,1.0
ORD101962,2025-12-17,CUST1452,Female,23,Pune,West,Online,Home & Kitchen,Lamp,3,3188.29,0.2,7651.9,5165.84,2486.05,Credit Card,4.9,
ORD101963,2025-12-17,CUST1367,Male,46,Mumbai,West,Online,Beauty,Moisturizer,2,1431.61,0.009,2837.45,1812.71,1024.74,UPI,4.4,1.0
ORD101964,2025-12-17,CUST1590,Female,38,Chennai,South,Store C,Beauty,Face Wash,7,1279.87,0.246,6755.15,4274.42,2480.73,UPI,3.5,2.0
ORD101965,2025-12-18,CUST1560,Male,34,Guntur,South,Online,Grocery,Rice,7,701.77,0.114,4352.38,3789.32,563.06,UPI,4.0,2.0
ORD101966,2025-12-18,CUST1312,Female,29,Mumbai,West,Store D,Electronics,Tablet,7,20786.72,0.09,132411.41,102298.07,30113.33,UPI,5.0,4.0
ORD101967,2025-12-18,CUST1298,Female,40,Guntur,South,Store B,Clothing,Jacket,2,2154.56,0.073,3994.55,2473.13,1521.43,Debit Card,3.3,3.0
ORD101968,2025-12-19,CUST1024,Female,26,Chennai,South,Store D,Electronics,Smartphone,7,26135.56,0.044,174899.17,133474.97,41424.2,Credit Card,4.3,6.0
ORD101969,2025-12-19,CUST1110,Female,38,Visakhapatnam,South,Store D,Clothing,Jacket,4,982.35,0.198,3151.38,1877.85,1273.53,Credit Card,3.8,3.0
ORD101970,2025-12-20,CUST1052,Female,27,Chennai,South,Online,Clothing,Shoes,3,1340.69,0.239,3060.8,1883.31,1177.49,Debit Card,4.4,4.0
ORD101971,2025-12-20,CUST1290,Male,25,Mumbai,West,Store B,Electronics,Smartphone,4,23950.85,0.103,85935.65,66492.36,19443.29,UPI,4.7,2.0
ORD101972,2025-12-20,CUST1444,Male,28,Guntur,South,Store D,Beauty,Perfume,6,1589.3,0.238,7266.28,4614.97,2651.31,Net Banking,3.8,5.0
ORD101973,2025-12-21,CUST1467,Female,31,Bengaluru,South,Store A,Clothing,Jeans,3,2031.86,0.206,4839.89,2960.91,1878.98,Net Banking,4.6,7.0
ORD101974,2025-12-21,CUST1259,Female,34,Pune,West,Store A,Electronics,Laptop,2,16827.49,0.12,29616.38,23431.26,6185.12,Debit Card,5.0,6.0
ORD101975,2025-12-21,CUST1324,Female,38,Pune,West,Store A,Clothing,Jacket,4,1729.84,0.169,5749.99,3681.72,2068.27,Net Banking,4.0,4.0
ORD101976,2025-12-22,CUST1338,Male,18,Bengaluru,South,Online,Home & Kitchen,Cookware Set,5,5517.81,0.109,24581.84,16856.34,7725.51,Cash,4.4,3.0
ORD101977,2025-12-22,CUST1556,Male,26,Bengaluru,South,Online,Beauty,Shampoo,3,1238.93,0.14,3196.44,2087.66,1108.78,Credit Card,3.7,4.0
ORD101978,2025-12-22,CUST1422,Male,31,Visakhapatnam,South,Online,Grocery,Cooking Oil,2,450.9,0.015,888.27,733.31,154.97,Net Banking,4.0,4.0
ORD101979,2025-12-23,CUST1259,Male,52,Mumbai,West,Store C,Clothing,Jacket,1,2045.87,0.174,1689.89,1032.88,657.01,Cash,3.9,1.0
ORD101980,2025-12-23,CUST1065,Male,23,Hyderabad,South,Store B,Home & Kitchen,Chair,3,4263.39,0.013,12623.9,8511.63,4112.26,Credit Card,4.4,2.0
ORD101981,2025-12-24,CUST1163,Male,37,Chennai,South,Store A,Grocery,Snacks,3,431.57,0.204,1030.59,882.54,148.05,Cash,4.7,6.0
ORD101982,2025-12-24,CUST1164,Male,51,Pune,West,Store B,Grocery,Juice,6,575.39,0.206,2741.16,2336.61,404.55,Credit Card,3.9,1.0
ORD101983,2025-12-24,CUST1039,Male,21,Bengaluru,South,Store C,Clothing,Jacket,5,1635.56,0.059,7695.31,4552.1,3143.21,Credit Card,4.8,2.0
ORD101984,2025-12-25,CUST1320,Female,39,Chennai,South,Online,Electronics,Smartphone,6,30035.29,0.081,165614.59,126741.67,38872.92,Net Banking,4.8,4.0
ORD101985,2025-12-25,CUST1360,Male,26,Pune,West,Store C,Clothing,T-Shirt,7,1884.85,0.12,11610.68,7269.06,4341.61,Debit Card,4.5,2.0
ORD101986,2025-12-25,CUST1269,Male,29,Bengaluru,South,Store A,Home & Kitchen,Bedsheet,3,3981.97,0.149,10165.97,7112.19,3053.78,Net Banking,3.7,3.0
ORD101987,2025-12-26,CUST1324,Male,26,Mumbai,West,Store A,Grocery,Snacks,3,386.12,0.072,1074.96,911.35,163.61,UPI,3.7,6.0
ORD101988,2025-12-26,CUST1326,Male,27,Pune,West,Store A,Clothing,Jeans,7,1389.36,0.148,8286.14,5056.94,3229.2,Cash,3.6,1.0
ORD101989,2025-12-26,CUST1587,Female,65,Visakhapatnam,South,Store C,Electronics,Laptop,5,31618.48,0.074,146393.56,105892.0,40501.56,UPI,4.5,6.0
ORD101990,2025-12-27,CUST1257,Male,44,Hyderabad,South,Online,Clothing,T-Shirt,5,1760.3,0.014,8678.28,5352.1,3326.18,Credit Card,3.3,4.0
ORD101991,2025-12-27,CUST1200,Female,47,Hyderabad,South,Store D,Beauty,Lip Balm,4,1299.76,0.001,5193.84,3377.97,1815.87,Net Banking,4.4,3.0
ORD101992,2025-12-28,CUST1438,Female,40,Bengaluru,South,Online,Electronics,Headphones,2,22855.23,0.025,44567.7,33498.46,11069.23,UPI,3.4,2.0
ORD101993,2025-12-28,CUST1104,Female,18,Pune,West,Store C,Home & Kitchen,Mixer,2,4398.73,0.198,7055.56,4982.89,2072.67,UPI,4.5,7.0
ORD101994,2025-12-28,CUST1372,Male,39,Visakhapatnam,South,Store C,Grocery,Rice,4,408.83,0.24,1242.84,1063.91,178.93,UPI,4.0,2.0
ORD101995,2025-12-29,CUST1164,Male,47,Vijayawada,South,Store A,Clothing,Dress,2,1732.2,0.107,3093.71,1923.17,1170.53,Credit Card,4.7,3.0
ORD101996,2025-12-29,CUST1113,Male,26,Chennai,South,Online,Electronics,Smartwatch,3,30501.95,0.128,79793.1,59154.83,20638.27,Credit Card,4.6,7.0
ORD101997,2025-12-29,CUST1549,Female,46,Chennai,South,Online,Beauty,Face Wash,4,1610.54,0.037,6203.8,3990.96,2212.84,Credit Card,4.8,2.0
ORD101998,2025-12-30,CUST1106,Female,43,Guntur,South,Store A,Electronics,Tablet,4,21333.68,0.138,73558.53,53912.73,19645.8,UPI,4.8,1.0
ORD101999,2025-12-30,CUST1364,Female,55,Visakhapatnam,South,Store C,Beauty,Face Wash,2,1885.89,0.036,3636.0,2356.09,1279.9,Cash,4.1,5.0
ORD102000,2025-12-31,CUST1021,Female,30,Pune,West,Store C,Home & Kitchen,Cookware Set,1,3813.24,0.153,3229.81,2224.91,1004.9,Net Banking,3.4,
